date,close,trend,seasonal,residual,MA_20,MA_60
2014-01-02,79.0185,77.50990845701916,0.14047318690234775,1.3681183560784904,,
2014-01-03,77.2828,77.4161310698825,0.03792787750221821,-0.17125894738471986,,
2014-01-06,77.7042,77.32235368274581,0.1590896157211445,0.22275670153304233,,
2014-01-07,77.1481,77.22857629560914,0.26258229271557737,-0.3430585883247225,,
2014-01-08,77.6371,77.13479890847248,0.007452547941301917,0.494848543586226,,
2014-01-09,76.6455,77.0410215213358,-0.30951948254725536,-0.08600203878853918,,
2014-01-10,76.1342,76.94724413419912,-0.10769503684533574,-0.7053490973537815,,
2014-01-13,76.5328,76.85346674706246,-0.24945706733389655,-0.07120967972856435,,
2014-01-14,78.0556,76.75968935992577,-0.2571170978224579,1.5530277378966837,,
2014-01-15,79.6228,76.6659119727891,0.05526963359374735,2.901618393617147,,
2014-01-16,79.1785,77.09331904761905,0.20562686624680637,1.8795540861341458,,
2014-01-17,77.2385,76.73597142857143,0.22766707372979952,0.27486149769877055,,
2014-01-20,78.13850000000001,76.46760476190477,0.22553085264136413,1.445364385453877,,
2014-01-21,78.4385,76.22855714285714,0.08591608733524563,2.1240267698076174,,
2014-01-22,78.7871,76.04184285714285,-0.06626622558992629,2.811523368447068,,
2014-01-23,79.4542,75.83129523809524,-0.09020956864143222,3.7131143305461958,,
2014-01-24,78.0099,75.71674285714285,-0.42605232860256353,2.719209471459718,,
2014-01-27,78.6428,75.68987142857144,-0.20665990877749024,3.159588480206048,,
2014-01-28,72.3571,75.69143333333334,-0.06108012257729335,-3.27325321075604,,
2014-01-29,71.5356,75.62020952380952,0.04011978024097848,-4.124729304050497,77.37811500000001,
2014-01-30,71.3974,75.53224761904761,0.32640102416711975,-4.4612486432147245,76.99706,
2014-01-31,71.5142,75.46245238095236,0.14047318690234775,-4.088725567854702,76.70863,
2014-02-03,71.6471,75.49524166666666,0.03792787750221821,-3.8860695441688815,76.405775,
2014-02-04,72.6842,75.488575,0.1590896157211445,-2.9634646157211377,76.18258,
2014-02-05,73.2271,75.40898452380954,0.26258229271557737,-2.4444668165251207,75.96208,
2014-02-06,73.2156,75.27047976190477,0.007452547941301917,-2.0623323098460737,75.790585,
2014-02-07,74.2399,75.06007023809524,-0.30951948254725536,-0.5106507555479745,75.69587,
2014-02-10,75.5699,74.93408452380952,-0.10769503684533574,0.7435105130358228,75.64772500000001,
2014-02-11,76.5656,74.74061309523809,-0.24945706733389655,2.074443972095811,75.57322500000001,
2014-02-12,76.5599,74.81442261904763,-0.2571170978224579,2.0025944787748235,75.42008,
2014-02-13,77.7756,74.99755595238096,0.05526963359374735,2.7227744140252863,75.349935,
2014-02-14,77.7128,75.17754166666666,0.20562686624680637,2.3296314670865392,75.37365,
2014-02-17,77.927075,75.36230357142857,0.22766707372979952,2.3371043548416335,75.36307875,
2014-02-18,77.9985,75.56441309523808,0.22553085264136413,2.2085560521205623,75.34107875000001,
2014-02-19,76.7671,75.72475595238093,0.08591608733524563,0.9564279602838222,75.24007875,
2014-02-20,75.8785,75.84829404761905,-0.06626622558992629,0.09647217797087954,75.06129374999999,
2014-02-21,75.0356,75.97027023809524,-0.09020956864143222,-0.8444606694538043,74.91257875,
2014-02-24,75.3642,76.04673214285715,-0.42605232860256353,-0.25647981425459204,74.74864875,
2014-02-25,74.5799,76.09503214285714,-0.20665990877749024,-1.3084722340796504,74.85978874999999,
2014-02-26,73.9071,76.09945595238095,-0.06108012257729335,-2.131275829803657,74.97836375,
2014-02-27,75.3814,76.06360833333333,0.04011978024097848,-0.7223281135743138,75.17756374999999,
2014-02-28,75.1771,75.92932261904761,0.32640102416711975,-1.0786236432147345,75.36070875,
2014-03-03,75.3942,75.811975,0.14047318690234775,-0.5582481869023538,75.54806375,
2014-03-04,75.8914,75.7161238095238,0.03792787750221821,0.1373483129739928,75.70842375,
2014-03-05,76.0514,75.61591904761904,0.1590896157211445,0.2763913366598119,75.84963875,
2014-03-06,75.8214,75.55693809523808,0.26258229271557737,0.001879612046338519,75.97992875,
2014-03-07,75.7771,75.56863809523809,0.007452547941301917,0.20100935682061657,76.05678875,
2014-03-10,75.8456,75.66347142857143,-0.30951948254725536,0.4916480539758332,76.07057375,
2014-03-11,76.5842,75.78210952380951,-0.10769503684533574,0.9097855130358217,76.07150375,
2014-03-12,76.6585,75.90265714285714,-0.24945706733389655,1.0052999244767629,76.07643375,
2014-03-13,75.8071,76.03945714285713,-0.2571170978224579,0.024759954965332287,75.97800874999999,
2014-03-14,74.9556,76.10197142857142,0.05526963359374735,-1.2016410621651605,75.84014875,
2014-03-17,75.2485,76.1734,0.20562686624680637,-1.1305268662468002,75.70622,
2014-03-18,75.9142,76.2678904761905,0.22766707372979952,-0.5813575499203073,75.60200499999999,
2014-03-19,75.8942,76.34482857142858,0.22553085264136413,-0.6761594240699451,75.55836000000001,
2014-03-20,75.5285,76.38856666666666,0.08591608733524563,-0.9459827540019139,75.54086000000001,
2014-03-21,76.1242,76.39584285714285,-0.06626622558992629,-0.20537663155292457,75.59529,
2014-03-24,77.0271,76.34842857142856,-0.09020956864143222,0.7688809972128804,75.67843500000001,
2014-03-25,77.8556,76.2975476190476,-0.42605232860256353,1.984104709554953,75.84222,
2014-03-26,77.1114,76.25829523809523,-0.20665990877749024,1.0597646706822643,76.002435,76.11963791666668
2014-03-27,76.7799,76.16897619047619,-0.06108012257729335,0.6720039321011045,76.07236,76.08232791666666
2014-03-28,76.6942,76.09387142857143,0.04011978024097848,0.5602087911875839,76.14821500000001,76.07251791666665
2014-03-31,76.6771,76.07339523809524,0.32640102416711975,0.27730373773763156,76.21236,76.05539958333334
2014-04-01,77.3785,76.01366666666667,0.14047318690234775,1.2243601464309892,76.286715,76.05923958333334
2014-04-02,77.5071,75.92938095238095,0.03792787750221821,1.539791170116823,76.3595,76.05707291666667
2014-04-03,76.9699,75.88639047619047,0.1590896157211445,0.9244199080883804,76.41692499999999,76.06247958333333
2014-04-04,75.9742,75.87140952380952,0.26258229271557737,-0.1597918165250995,76.42678,76.05981291666667
2014-04-07,74.7814,75.8598476190476,0.007452547941301917,-1.0859001669888961,76.37357,76.03062291666667
2014-04-08,74.7771,75.80888571428571,-0.30951948254725536,-0.7222662317384483,76.28321500000001,75.97598124999999
2014-04-09,75.7599,75.6712,-0.10769503684533574,0.19639503684533863,76.238285,75.91159958333333
2014-04-10,74.7828,75.86160476190476,-0.24945706733389655,-0.8293476945708667,76.18707,75.83833791666666
2014-04-11,74.2299,76.09616190476189,-0.2571170978224579,-1.6091448069394267,76.15078500000001,75.78819458333334
2014-04-14,74.5256,76.48548095238094,0.05526963359374735,-2.0151505859746894,76.11464,75.72797958333334
2014-04-15,73.9942,76.86364285714284,0.20562686624680637,-3.0750697233896354,76.01863999999999,75.65390791666667
2014-04-16,74.1442,77.19316666666666,0.22766707372979952,-3.2766337403964574,75.93114,75.57652624999999
2014-04-17,74.9914,77.5260238095238,0.22553085264136413,-2.760154662165172,75.90428499999999,75.50214625
2014-04-18,75.2139,77.89194285714285,0.08591608733524563,-2.7639589444781016,75.85876999999999,75.45554625000001
2014-04-21,75.8814,78.36228095238096,-0.06626622558992629,-2.4146147267910307,75.80148499999999,75.40952291666666
2014-04-22,75.9569,78.8448619047619,-0.09020956864143222,-2.797752336120462,75.70655000000001,75.46951958333332
2014-04-23,74.9642,79.31349999999999,-0.42605232860256353,-3.9232476713974216,75.59919,75.52666291666668
2014-04-24,81.1099,79.70581428571427,-0.20665990877749024,1.610745623063218,75.81569,75.68853791666666
2014-04-25,81.7056,80.12800476190475,-0.06108012257729335,1.6386753606725495,76.06626,75.85839458333334
2014-04-28,84.8699,80.6261,0.04011978024097848,4.203680219759029,76.4759,76.07877458333333
2014-04-29,84.6185,81.11644285714284,0.32640102416711975,3.1756561186900347,76.8379,76.27767958333334
2014-04-30,84.2985,81.63283809523809,0.14047318690234775,2.525188717859571,77.17747,76.46220291666667
2014-05-01,84.4971,82.10773809523809,0.03792787750221821,2.3514340272596943,77.55382999999999,76.65022791666667
2014-05-02,84.6542,82.60140952380952,0.1590896157211445,1.8937008604693362,77.98783,76.82379958333334
2014-05-05,85.8513,83.13264761904762,0.26258229271557737,2.4560700882368005,78.541325,76.99515625
2014-05-06,84.9156,83.63291904761904,0.007452547941301917,1.2752284044396553,79.04825,77.13432291666666
2014-05-07,84.6185,84.14047619047618,-0.30951948254725536,0.7875432920710743,79.49118,77.26863291666665
2014-05-08,83.9985,84.70183809523809,-0.10769503684533574,-0.5956430583927452,79.951965,77.37234791666667
2014-05-09,83.6488,85.01721428571429,-0.24945706733389655,-1.118957218380398,80.42290999999999,77.47128125
2014-05-12,84.6899,85.36289523809523,-0.2571170978224579,-0.41587814027278186,80.931125,77.583995
2014-05-13,84.8228,85.5774523809524,0.05526963359374735,-0.8099220145461407,81.472555,77.69773333333335
2014-05-14,84.8385,85.79296190476192,0.20562686624680637,-1.1600887710087342,82.00726999999999,77.83225666666667
2014-05-15,84.1171,86.10105714285714,0.22766707372979952,-2.2116242165869497,82.463555,77.96956666666667
2014-05-16,85.3585,86.38350476190477,0.22553085264136413,-1.250535614546132,82.970785,78.141615
2014-05-19,86.3699,86.62888095238095,0.08591608733524563,-0.34489703971619773,83.49521000000001,78.32504333333333
2014-05-20,86.3871,86.87772857142858,-0.06626622558992629,-0.4243623458386467,84.01671999999999,78.52183
2014-05-21,86.6156,87.22065714285714,-0.09020956864143222,-0.5148475742157023,84.59929000000001,78.73363833333333
2014-05-22,86.7528,87.59494285714285,-0.42605232860256353,-0.4160905285402971,84.881435,78.92316166666666
2014-05-23,87.7328,87.98664285714284,-0.20665990877749024,-0.04718294836535236,85.182795,79.13242333333332
2014-05-26,88.9649,88.46527142857143,-0.06108012257729335,0.5607086940058666,85.387545,79.35860166666666
2014-05-27,89.3756,88.92051428571428,0.04011978024097848,0.41496593404475113,85.6254,79.58333833333333
2014-05-28,89.1442,89.35085714285714,0.32640102416711975,-0.5330581670242591,85.86768500000001,79.80155166666665
2014-05-29,90.7685,89.70569047619047,0.14047318690234775,0.9223363369071863,86.181255,80.05067
2014-05-30,90.4285,90.04678095238094,0.03792787750221821,0.3437911701168393,86.46997,80.29486
2014-06-02,89.8071,90.37256666666666,0.1590896157211445,-0.724556282387796,86.66776,80.52755166666665
2014-06-03,91.0771,90.64447619047618,0.26258229271557737,0.1700415168082408,86.97583499999999,80.7691
2014-06-04,92.1171,90.92032857142856,0.007452547941301917,1.189318880630136,87.350765,81.02674333333333
2014-06-05,92.4785,91.17006190476191,-0.30951948254725536,1.6179575777853437,87.774765,81.3046
2014-06-06,92.2242,91.3680238095238,-0.10769503684533574,0.9638712273215266,88.203535,81.59241
2014-06-09,93.7,91.5155095238095,-0.24945706733389655,2.433947543524401,88.65404,81.899935
2014-06-10,94.25,91.57813333333331,-0.2571170978224579,2.9289837644891454,89.1254,82.20553166666667
2014-06-11,93.86,91.62500952380951,0.05526963359374735,2.1797208425967423,89.576475,82.50496166666667
2014-06-12,92.29,91.70861904761902,0.20562686624680637,0.37575408613417594,89.98512000000001,82.78432
2014-06-13,91.28,91.76630952380951,0.22766707372979952,-0.7139765975393094,90.281195,83.03691666666667
2014-06-16,92.2,91.88542857142856,0.22553085264136413,0.08904057593007636,90.5727,83.28979833333334
2014-06-17,92.08,92.06223333333332,0.08591608733524563,-0.06814942066857181,90.857345,83.52687166666666
2014-06-18,92.18,92.17665714285712,-0.06626622558992629,0.06960908273280914,91.135565,83.778015
2014-06-19,91.86,92.26774761904761,-0.09020956864143222,-0.3175380504061797,91.390925,84.02935000000001
2014-06-20,90.91,92.36469999999998,-0.42605232860256353,-1.0286476713974249,91.549785,84.26628000000001
2014-06-23,90.83,92.54297619047618,-0.20665990877749024,-1.5063162816986932,91.64304,84.50216166666665
2014-06-24,90.28,92.6215476190476,-0.06108012257729335,-2.2804674964703096,91.68825999999999,84.71718666666666
2014-06-25,90.36,92.67583333333332,0.04011978024097848,-2.3559531135742944,91.74905,84.93140166666667
2014-06-26,90.9,92.73178571428569,0.32640102416711975,-2.158186738452806,91.755625,85.16356999999999
2014-06-27,91.98,92.8713095238095,0.14047318690234775,-1.0317827107118445,91.8332,85.43033333333334
2014-06-30,92.93,93.11749999999999,0.03792787750221821,-0.225427877502204,91.989345,85.73281
2014-07-01,93.52,93.26607142857142,0.1590896157211445,0.09483895570742945,92.11149,86.04519166666667
2014-07-02,93.48,93.39464285714284,0.26258229271557737,-0.1772251498584147,92.17963499999999,86.34052666666666
2014-07-03,94.03,93.43797142857143,0.007452547941301917,0.5845760234872692,92.25721,86.66131333333334
2014-07-04,94.5145,93.5603523809524,-0.30951948254725536,1.2636671015948586,92.371725,86.99938999999999
2014-07-07,95.968,93.70459047619048,-0.10769503684533574,2.371104560654864,92.48512500000001,87.35676333333332
2014-07-08,95.35,93.88982857142857,-0.24945706733389655,1.7096284959053245,92.540125,87.71269333333333
2014-07-09,95.39,94.21887619047618,-0.2571170978224579,1.428240907346278,92.616625,88.06679000000001
2014-07-10,95.035,94.53649523809526,0.05526963359374735,0.4432351283109933,92.753875,88.40085
2014-07-11,95.22,94.85892380952382,0.20562686624680637,0.15544932422937663,92.950875,88.734285
2014-07-14,96.45,95.19416190476191,0.22766707372979952,1.0281710215082907,93.163375,89.07709500000001
2014-07-15,95.32,95.45368571428571,0.22553085264136413,-0.35921656692708254,93.325375,89.39981333333334
2014-07-16,94.78,95.6741619047619,0.08591608733524563,-0.980077992097147,93.455375,89.73007666666666
2014-07-17,93.0899,95.77511428571427,-0.06626622558992629,-2.6189480601243402,93.51687000000001,89.92974333333333
2014-07-18,94.43,95.87511428571429,-0.09020956864143222,-1.3549047170728505,93.69287,90.14181666666667
2014-07-21,93.939,95.92632857142857,-0.42605232860256353,-1.5612762428260136,93.84832,90.29296833333335
2014-07-22,94.72,95.88594761904763,-0.20665990877749024,-0.959287710270138,94.07032000000001,90.46132666666668
2014-07-23,97.19,95.86737619047621,-0.06108012257729335,1.3837039321010838,94.41182,90.676185
2014-07-24,97.03,95.82404285714287,0.04011978024097848,1.1658373626161518,94.71832,90.88506666666666
2014-07-25,97.671,95.80999523809524,0.32640102416711975,1.5346037377376465,95.00287,91.10201333333333
2014-07-28,99.02,95.84666190476189,0.14047318690234775,3.0328649083357604,95.30737,91.32149166666666
2014-07-29,98.38,95.82380476190474,0.03792787750221821,2.518267360593038,95.55037,91.54589833333333
2014-07-30,98.15,95.9152333333333,0.1590896157211445,2.0756770509455564,95.78387000000001,91.77142333333335
2014-07-31,95.6,96.04475714285712,0.26258229271557737,-0.7073394355727054,95.86237,91.96478166666665
2014-08-01,96.13,96.27761904761903,0.007452547941301917,-0.15507159556033304,95.943145,92.17280166666666
2014-08-04,95.59,96.50285714285712,-0.30951948254725536,-0.6033376603098652,95.924245,92.35446999999999
2014-08-05,95.12,96.81671428571427,-0.10769503684533574,-1.589019248868929,95.912745,92.52609
2014-08-06,94.96,97.09528571428571,-0.24945706733389655,-1.8858286469518182,95.891245,92.69478166666666
2014-08-07,94.48,97.2567142857143,-0.2571170978224579,-2.5195971878918337,95.863495,92.86749666666668
2014-08-08,94.74,97.461,0.05526963359374735,-2.776269633593751,95.839495,93.023855
2014-08-11,95.99,97.64523809523808,0.20562686624680637,-1.8608649614848964,95.816495,93.18419
2014-08-12,95.97,97.73423809523808,0.22766707372979952,-1.9919051689678842,95.848995,93.343905
2014-08-13,97.24,97.9128095238095,0.22553085264136413,-0.8983403764508693,95.97199499999999,93.52097833333333
2014-08-14,97.5,98.1080476190476,0.08591608733524563,-0.6939637063828419,96.1925,93.70009833333333
2014-08-15,97.98,98.43661904761903,-0.06626622558992629,-0.3903528220291023,96.36999999999999,93.87088500000002
2014-08-18,99.16,98.76852380952378,-0.09020956864143222,0.48168575911764383,96.63105,94.04080333333334
2014-08-19,100.53,99.13566666666665,-0.42605232860256353,1.8203856619359133,96.92155,94.22671
2014-08-20,100.57,99.31757142857143,-0.20665990877749024,1.459088480206057,97.09055,94.41714
2014-08-21,100.58,99.4680476190476,-0.06108012257729335,1.173032503529696,97.26804999999999,94.580665
2014-08-22,101.32,99.68185714285713,0.04011978024097848,1.5980230769018886,97.4505,94.76219
2014-08-25,101.54,99.85423809523809,0.32640102416711975,1.3593608805947983,97.5765,94.95773833333334
2014-08-26,100.889,99.94947619047618,0.14047318690234775,0.7990506226214721,97.70195,95.12127000000001
2014-08-27,102.13,100.189,0.03792787750221821,1.9030721224977842,97.90095,95.28815166666666
2014-08-28,102.25,100.3885238095238,0.1590896157211445,1.7023865747550517,98.23345,95.45101
2014-08-29,102.5,100.58661904761905,0.26258229271557737,1.65079865966537,98.55195,95.62227333333333
2014-09-01,103.1,100.76042857142858,0.007452547941301917,2.332118880630116,98.92745,95.77893999999999
2014-09-02,103.3,100.84138095238096,-0.30951948254725536,2.7681385301662935,99.33644999999999,95.92977333333333
2014-09-03,98.94,100.89138095238096,-0.10769503684533574,-1.8436859155356227,99.53545,96.01444
2014-09-04,98.12,100.9494761904762,-0.24945706733389655,-2.580019123142303,99.71745000000001,96.11160666666666
2014-09-05,98.97,100.96757142857143,-0.2571170978224579,-1.7404543307489753,99.92895,96.23977333333333
2014-09-08,98.36,100.95519047619047,0.05526963359374735,-2.6504601097842144,100.04745,96.34243999999998
2014-09-09,97.99,101.00757142857141,0.20562686624680637,-3.2231982948182214,100.14845,96.44094
2014-09-10,101.0,101.04857142857142,0.22766707372979952,-0.2762385023012205,100.33645,96.58794000000002
2014-09-11,101.43,100.84571428571428,0.22553085264136413,0.3587548616443628,100.53295,96.74744
2014-09-12,101.66,100.77428571428571,0.08591608733524563,0.7997981983790405,100.71695,96.92660666666667
2014-09-15,101.63,100.66047619047619,-0.06626622558992629,1.035790035113733,100.84045,97.10660666666666
2014-09-16,100.86,100.54857142857144,-0.09020956864143222,0.4016381400699965,100.85695,97.28294000000001
2014-09-17,101.58,100.35238095238095,-0.42605232860256353,1.653671376221607,100.90745,97.46994
2014-09-18,101.79,100.39809523809524,-0.20665990877749024,1.5985646706822592,100.96795,97.65144000000001
2014-09-19,100.96,100.46952380952379,-0.06108012257729335,0.5515563130534945,100.94994999999999,97.80110666666666
2014-09-22,101.06,100.50047619047616,0.04011978024097848,0.5194040292828601,100.92595,97.93660666666666
2014-09-23,102.64,100.51904761904758,0.32640102416711975,1.7945513567852973,101.0135,98.08860666666666
2014-09-24,101.75,100.65285714285712,0.14047318690234775,0.9566696702405367,100.99449999999999,98.22644
2014-09-25,97.87,100.6538095238095,0.03792787750221821,-2.8217374013117134,100.7755,98.29043999999999
2014-09-26,100.75,100.62047619047618,0.1590896157211445,-0.029565806197326905,100.688,98.39436500000001
2014-09-29,100.11,100.53238095238093,0.26258229271557737,-0.6849632450965111,100.5385,98.46339833333334
2014-09-30,100.75,100.3952380952381,0.007452547941301917,0.34730935682059894,100.411,98.55339833333333
2014-10-01,99.18,100.23714285714286,-0.30951948254725536,-0.7476233745955945,100.423,98.616565
2014-10-02,99.9,99.98380952380951,-0.10769503684533574,0.02388551303582928,100.512,98.69764833333333
2014-10-03,99.62,99.78761904761903,-0.24945706733389655,0.08183801971486943,100.5445,98.77098166666666
2014-10-06,99.62,99.73047619047618,-0.2571170978224579,0.1466409073462806,100.6075,98.823815
2014-10-07,98.75,99.79761904761904,0.05526963359374735,-1.102888681212784,100.6455,98.88098166666667
2014-10-08,100.8,99.8142857142857,0.20562686624680637,0.7800874194674883,100.63550000000001,98.98131500000001
2014-10-09,101.02,99.96095238095238,0.22766707372979952,0.8313805453178186,100.615,99.11348333333333
2014-10-10,100.73,100.31095238095239,0.22553085264136413,0.19351676640625343,100.5685,99.21848333333334
2014-10-13,99.81,100.51857142857143,0.08591608733524563,-0.7944875159066773,100.47749999999999,99.31633333333333
2014-10-14,98.75,100.83428571428573,-0.06626622558992629,-2.0180194886958005,100.372,99.38349999999998
2014-10-15,97.54,101.14809523809525,-0.09020956864143222,-3.517885669453813,100.17,99.38933333333333
2014-10-16,96.26,101.51952380952382,-0.42605232860256353,-4.83347148092125,99.89349999999999,99.37650000000001
2014-10-17,97.67,101.90523809523809,-0.20665990877749024,-4.0285781864605985,99.72900000000001,99.37648333333333
2014-10-20,99.76,102.37095238095237,-0.06108012257729335,-2.549872258375076,99.664,99.38881666666667
2014-10-21,102.47,102.79857142857144,0.04011978024097848,-0.3686912088124148,99.6555,99.45698333333333
2014-10-22,102.99,103.28000000000002,0.32640102416711975,-0.6164010241671403,99.7175,99.53765
2014-10-23,104.83,103.65619047619049,0.14047318690234775,1.0333363369071622,100.0655,99.69148333333334
2014-10-24,105.22,104.03666666666669,0.03792787750221821,1.1454054558310904,100.289,99.84298333333332
2014-10-27,105.11,104.42238095238095,0.1590896157211445,0.528529431897907,100.539,100.00165
2014-10-28,106.74,104.89333333333333,0.26258229271557737,1.5840843739510866,100.8385,100.19531666666667
2014-10-29,107.34,105.48857142857142,0.007452547941301917,1.8439760234872828,101.2465,100.40165
2014-10-30,106.98,106.21619047619048,-0.30951948254725536,1.0733290063567829,101.6005,100.60998333333332
2014-10-31,108.0,107.0695238095238,-0.10769503684533574,1.0381712273215347,102.01950000000001,100.83098333333332
2014-11-03,109.4,107.84666666666666,-0.24945706733389655,1.8027904006672382,102.5085,101.05448333333334
2014-11-04,108.6,108.59476190476191,-0.2571170978224579,0.2623551930605423,103.001,101.26498333333332
2014-11-05,108.86,109.17571428571426,0.05526963359374735,-0.3709839193080119,103.404,101.45865
2014-11-06,108.7,109.80999999999999,0.20562686624680637,-1.3156268662467916,103.78799999999998,101.64531666666667
2014-11-07,109.01,110.3642857142857,0.22766707372979952,-1.581952788015494,104.202,101.82915
2014-11-10,108.83,111.00261904761904,0.22553085264136413,-2.398149900260401,104.65299999999999,101.99031666666666
2014-11-11,109.7,111.59738095238095,0.08591608733524563,-1.9832970397161878,105.2005,102.14315
2014-11-12,111.25,112.18119047619047,-0.06626622558992629,-0.8649242506005395,105.88600000000001,102.32115
2014-11-13,112.82,112.7347619047619,-0.09020956864143222,0.1754476638795291,106.71400000000001,102.52515
2014-11-14,114.18,113.30380952380952,-0.42605232860256353,1.3022428047930508,107.5395,102.73948333333333
2014-11-17,113.99,113.64047619047619,-0.20665990877749024,0.5561837183012925,108.251,102.94698333333332
2014-11-18,115.47,113.88952380952381,-0.06108012257729335,1.6415563130534838,108.901,103.19
2014-11-19,114.67,114.23857142857142,0.04011978024097848,0.39130879118760453,109.48500000000001,103.39900000000002
2014-11-20,116.31,114.5542857142857,0.32640102416711975,1.429313261547185,110.059,103.63333333333334
2014-11-21,116.47,114.85428571428571,0.14047318690234775,1.4752410988119424,110.6215,103.86616666666667
2014-11-24,118.625,115.01571428571428,0.03792787750221821,3.5713578367835,111.29724999999999,104.12491666666666
2014-11-25,117.6,115.26761904761905,0.1590896157211445,2.1732913366598,111.84025000000001,104.36325000000001
2014-11-26,119.0,115.37476190476191,0.26258229271557737,3.3626558025225117,112.42325000000001,104.69758333333334
2014-11-27,118.965,115.39238095238096,0.007452547941301917,3.5651664996777406,113.0225,105.04500000000002
2014-11-28,118.93,115.24523809523811,-0.30951948254725536,3.9942813873091545,113.569,105.37766666666667
2014-12-01,115.07,114.96166666666667,-0.10769503684533574,0.2160283701786558,113.85249999999999,105.65616666666668
2014-12-02,114.63,114.61666666666666,-0.24945706733389655,0.26279040066723197,114.154,105.93350000000001
2014-12-03,115.93,114.32809523809522,-0.2571170978224579,1.859021859727249,114.50749999999998,106.18233333333333
2014-12-04,115.49,114.23190476190474,0.05526963359374735,1.2028256045015038,114.84700000000001,106.41666666666667
2014-12-05,115.0,114.01619047619046,0.20562686624680637,0.7781826575627342,115.14650000000002,106.63899999999998
2014-12-08,112.4,113.84809523809524,0.22766707372979952,-1.675762311825034,115.325,106.81850000000001
2014-12-09,114.12,113.55833333333334,0.22553085264136413,0.3361358140253033,115.546,107.0395
2014-12-10,111.95,113.29214285714285,0.08591608733524563,-1.428058944478092,115.58099999999999,107.21233333333333
2014-12-11,111.62,113.00642857142857,-0.06626622558992629,-1.320162345838641,115.521,107.37616666666666
2014-12-12,109.73,112.7695238095238,-0.09020956864143222,-2.9493142408823676,115.29850000000002,107.52233333333334
2014-12-15,108.225,112.53047619047618,-0.42605232860256353,-3.879423861873621,115.01025,107.64175
2014-12-16,106.745,112.40904761904761,-0.20665990877749024,-5.457387710270118,114.574,107.71016666666667
2014-12-17,109.41,112.20666666666666,-0.06108012257729335,-2.7355865440893736,114.31099999999999,107.83783333333334
2014-12-18,112.65,111.91738095238094,0.04011978024097848,0.692499267378089,114.128,108.08416666666668
2014-12-19,111.78,111.62404761904762,0.32640102416711975,-0.17044864321473446,113.89350000000002,108.268
2014-12-22,112.94,111.20738095238093,0.14047318690234775,1.5921458607167198,113.60925000000002,108.48183333333333
2014-12-23,112.54,110.915,0.03792787750221821,1.5870721224977817,113.35625,108.67833333333333
2014-12-24,112.01,110.61166666666666,0.1590896157211445,1.239243717612196,113.00674999999998,108.89216666666668
2014-12-25,113.0,110.60880952380951,0.26258229271557737,2.1286081834749107,112.7085,109.1105
2014-12-26,113.99,110.62738095238095,0.007452547941301917,3.355166499677747,112.4615,109.35
2014-12-29,113.91,110.6045238095238,-0.30951948254725536,3.6149956730234543,112.40350000000001,109.58816666666667
2014-12-30,112.52,110.6995238095238,-0.10769503684533574,1.9281712273215352,112.298,109.81766666666665
2014-12-31,110.38,110.84499999999998,-0.24945706733389655,-0.21554293266609265,112.02050000000001,109.97733333333332
2015-01-01,109.85499999999999,110.72166666666665,-0.2571170978224579,-0.6095495688442021,111.73875000000001,110.12458333333333
2015-01-02,109.33,110.4045238095238,0.05526963359374735,-1.1297934431175438,111.45525,110.26791666666666
2015-01-05,106.25,110.2263095238095,0.20562686624680637,-4.181936390056311,111.14775,110.37525000000001
2015-01-06,106.26,110.02535714285713,0.22766707372979952,-3.9930242165869263,110.75474999999999,110.50041666666668
2015-01-07,107.75,109.88297619047619,0.22553085264136413,-2.3585070431175494,110.54475,110.67058333333334
2015-01-08,111.89,109.9015476190476,0.08591608733524563,1.90253629361715,110.55825,110.93108333333333
2015-01-09,112.01,109.90059523809522,-0.06626622558992629,2.1756709874947107,110.67224999999999,111.17008333333334
2015-01-12,109.25,109.85821428571427,-0.09020956864143222,-0.5180047170728362,110.72349999999999,111.32825
2015-01-13,110.22,109.6310714285714,-0.42605232860256353,1.0149809000311596,110.89725000000001,111.45741666666667
2015-01-14,109.8,109.76392857142855,-0.20665990877749024,0.24273133734893676,110.91675000000001,111.57091666666666
2015-01-15,106.82,110.16964285714285,-0.06108012257729335,-3.2885627345655606,110.62525000000001,111.60408333333334
2015-01-16,105.99,110.51749999999998,0.04011978024097848,-4.5676197802409675,110.33574999999999,111.61691666666665
2015-01-19,108.0375,110.96035714285712,0.32640102416711975,-3.2492581670242453,110.09062499999997,111.66570833333334
2015-01-20,108.72,111.55083333333333,0.14047318690234775,-2.9713065202356788,109.89962499999999,111.69870833333333
2015-01-21,109.55,112.18416666666667,0.03792787750221821,-2.672094544168891,109.77662500000001,111.73554166666666
2015-01-22,112.4,112.76464285714285,0.1590896157211445,-0.5237324728639847,109.746625,111.82587500000001
2015-01-23,112.98,113.09988095238094,0.26258229271557737,-0.38246324509651614,109.69612499999998,111.90887500000001
2015-01-26,113.1,113.46702380952381,0.007452547941301917,-0.37447635746511665,109.65562499999999,111.97054166666666
2015-01-27,109.14,114.07511904761904,-0.30951948254725536,-4.625599565071784,109.486625,111.97954166666666
2015-01-28,115.31,114.77321428571429,-0.10769503684533574,0.6444807511310491,109.733125,112.08704166666666
2015-01-29,118.9,115.56654761904763,-0.24945706733389655,3.582909448286277,110.185375,112.25704166666667
2015-01-30,117.16,116.53130952380954,-0.2571170978224579,0.8858075740129145,110.576875,112.392875
2015-02-02,118.63,117.56238095238095,0.05526963359374735,1.0123494140252998,111.195875,112.55620833333333
2015-02-03,118.65,118.50488095238096,0.20562686624680637,-0.06050781862775878,111.81537500000002,112.705375
2015-02-04,119.56,119.4570238095238,0.22766707372979952,-0.1246908832536012,112.40587500000001,112.843875
2015-02-05,119.94,120.3570238095238,0.22553085264136413,-0.6425546621651619,112.808375,112.96254166666668
2015-02-06,118.93,121.17107142857141,0.08591608733524563,-2.326987515906648,113.154375,113.04170833333333
2015-02-09,119.72,122.12440476190474,-0.06626622558992629,-2.338138536314817,113.677875,113.13720833333333
2015-02-10,122.02,123.03249999999998,-0.09020956864143222,-0.9222904313585564,114.26787499999998,113.246375
2015-02-11,124.88,123.96821428571427,-0.42605232860256353,1.337838042888291,115.021875,113.41654166666667
2015-02-12,126.46,124.6875,-0.20665990877749024,1.979159908777484,116.003875,113.58570833333334
2015-02-13,127.08,125.14273809523809,-0.06108012257729335,1.9983420273392045,117.058375,113.76254166666668
2015-02-16,127.6425,125.71083333333333,0.04011978024097848,1.8915468864256935,118.038625,113.91283333333334
2015-02-17,127.83,126.2217857142857,0.32640102416711975,1.2818132615471771,118.99412500000001,114.08333333333333
2015-02-18,128.715,126.69273809523807,0.14047318690234775,1.8817887178595856,119.952375,114.24525
2015-02-19,128.45,127.01892857142855,0.03792787750221821,1.3931435510692243,120.75487500000001,114.40333333333334
2015-02-20,129.495,127.3360714285714,0.1590896157211445,1.999838955707459,121.58062500000001,114.57941666666667
2015-02-23,133.0,127.72702380952379,0.26258229271557737,5.010393897760637,122.57562500000002,114.87825
2015-02-24,132.17,127.95511904761904,0.007452547941301917,4.20742840443965,123.727125,115.17058333333334
2015-02-25,128.79,127.96559523809522,-0.30951948254725536,1.1339242444520288,124.40112500000001,115.38491666666667
2015-02-26,130.415,127.94511904761903,-0.10769503684533574,2.5775759892262973,124.97687499999999,115.63366666666667
2015-02-27,128.46,127.80845238095237,-0.24945706733389655,0.90100468638153,125.541875,115.858
2015-03-02,129.09,127.7070238095238,-0.2571170978224579,1.6400932882986574,126.06487499999999,116.13616666666667
2015-03-03,129.36,127.67833333333333,0.05526963359374735,1.626397033072939,126.60037499999999,116.39016666666666
2015-03-04,128.54,127.70880952380952,0.20562686624680637,0.625563609943665,127.04937499999998,116.66666666666667
2015-03-05,126.41,127.65071428571429,0.22766707372979952,-1.4683813594440895,127.372875,116.91316666666667
2015-03-06,126.6,127.5292857142857,0.22553085264136413,-1.1548165669270758,127.756375,117.19433333333333
2015-03-09,127.14,127.42047619047617,0.08591608733524563,-0.3663922778114104,128.127375,117.50958333333334
2015-03-10,124.51,127.11999999999998,-0.06626622558992629,-2.5437337744100446,128.251875,117.80566666666667
2015-03-11,122.24,126.70142857142855,-0.09020956864143222,-4.371219002787123,128.119875,118.01950000000001
2015-03-12,124.45,126.48476190476188,-0.42605232860256353,-1.6087095761593158,128.019375,118.21616666666667
2015-03-13,123.59,126.1435714285714,-0.20665990877749024,-2.346911519793912,127.844875,118.41300000000001
2015-03-16,124.95,126.0440476190476,-0.06108012257729335,-1.032967496470307,127.71025000000002,118.61316666666667
2015-03-17,127.04,125.82214285714285,0.04011978024097848,1.1777373626161773,127.67075,118.85483333333333
2015-03-18,128.47,125.57880952380954,0.32640102416711975,2.56478945202334,127.6585,119.12916666666666
2015-03-19,127.495,125.4254761904762,0.14047318690234775,1.9290506226214534,127.61074999999998,119.37075
2015-03-20,125.9,125.39773809523811,0.03792787750221821,0.4643340272596764,127.431,119.56925
2015-03-23,127.21,125.4334523809524,0.1590896157211445,1.6174580033264463,127.1415,119.79091666666666
2015-03-24,126.69,125.37964285714285,0.26258229271557737,1.0477748501415654,126.86749999999999,120.02708333333334
2015-03-25,123.38,125.43154761904762,0.007452547941301917,-2.059000166988927,126.59700000000001,120.24375
2015-03-26,124.24,125.63726190476189,-0.30951948254725536,-1.0877424222146352,126.28824999999999,120.4835
2015-03-27,123.25,125.76345238095239,-0.10769503684533574,-2.405757344107051,126.02775,120.7155
2015-03-30,126.37,125.91869047619046,-0.24945706733389655,0.7007665911434382,125.89175,121.05083333333333
2015-03-31,124.43,125.98297619047618,-0.2571170978224579,-1.2958590926537148,125.64525,121.35366666666665
2015-04-01,124.25,125.97059523809524,0.05526963359374735,-1.7758648716889898,125.43075000000002,121.62866666666666
2015-04-02,125.32,125.86107142857142,0.20562686624680637,-0.7466982948182341,125.37624999999998,121.8525
2015-04-03,125.82749999999999,125.73035714285713,0.22766707372979952,-0.13052421658694344,125.337625,122.08279166666667
2015-04-06,127.35,125.81130952380951,0.22553085264136413,1.3131596235491174,125.34812500000001,122.38445833333334
2015-04-07,126.01,125.7970238095238,0.08591608733524563,0.12706010314096633,125.42312499999998,122.647625
2015-04-08,125.6,125.88892857142858,-0.06626622558992629,-0.22266234583865846,125.591125,122.91095833333333
2015-04-09,126.56,126.18845238095238,-0.09020956864143222,0.46175718768905033,125.69662500000001,123.23995833333333
2015-04-10,127.1,126.47607142857143,-0.42605232860256353,1.0499809000311278,125.87212500000001,123.59179166666667
2015-04-13,126.85,126.92369047619047,-0.20665990877749024,0.13296943258701205,125.96712499999998,123.90533333333333
2015-04-14,126.3,127.12321428571428,-0.06108012257729335,-0.7621341631369928,125.930125,124.19833333333334
2015-04-15,126.78,127.32369047619046,0.04011978024097848,-0.5838102564314414,125.845625,124.4855
2015-04-16,126.17,127.36654761904762,0.32640102416711975,-1.5229486432147408,125.779375,124.71499999999999
2015-04-17,124.75,127.53940476190476,0.14047318690234775,-2.9298779488071105,125.721875,124.91116666666667
2015-04-20,127.6,127.67619047619048,0.03792787750221821,-0.11411835369270834,125.74137499999999,125.15283333333333
2015-04-21,126.91,127.60238095238095,0.1590896157211445,-0.8514705681021026,125.752375,125.44900000000001
2015-04-22,128.62,127.5547619047619,0.26258229271557737,0.8026558025225234,126.014375,125.67083333333333
2015-04-23,129.67,127.53857142857142,0.007452547941301917,2.1239760234872698,126.285875,125.85033333333334
2015-04-24,130.28,127.5890476190476,-0.30951948254725536,3.0004718634996514,126.63737499999999,126.069
2015-04-27,132.65,127.55190476190474,-0.10769503684533574,5.205790274940604,126.95137500000001,126.30266666666667
2015-04-28,130.56,127.50499999999998,-0.24945706733389655,3.3044570673339178,127.25787499999998,126.50116666666666
2015-04-29,128.64,127.49119047619047,-0.2571170978224579,1.4059266216319763,127.47737499999998,126.6525
2015-04-30,125.15,127.59452380952379,0.05526963359374735,-2.499793443117534,127.468875,126.73933333333333
2015-05-01,128.95,127.71833333333332,0.20562686624680637,1.0260398004198628,127.625,126.90633333333334
2015-05-04,128.7,127.97738095238094,0.22766707372979952,0.4949519738892486,127.6925,127.056
2015-05-05,125.8,128.095,0.22553085264136413,-2.520530852641366,127.68199999999999,127.11899999999999
2015-05-06,125.01,128.245,0.08591608733524563,-3.3209160873352452,127.65249999999999,127.12116666666665
2015-05-07,125.26,128.37690476190474,-0.06626622558992629,-3.0506385363148083,127.5875,127.10116666666666
2015-05-08,127.62,128.51357142857142,-0.09020956864143222,-0.8033618599299875,127.6135,127.11016666666666
2015-05-11,126.32,128.51690476190475,-0.42605232860256353,-1.770852433302198,127.58699999999999,127.08812499999999
2015-05-12,125.865,128.37261904761903,-0.20665990877749024,-2.3009591388415402,127.56524999999999,127.05537499999998
2015-05-13,126.01,128.4433333333333,-0.06108012257729335,-2.3722532107560013,127.52674999999999,127.01029166666666
2015-05-14,128.95,128.59285714285713,0.04011978024097848,0.3170230769018827,127.66575,127.01862499999999
2015-05-15,128.77,128.83714285714282,0.32640102416711975,-0.39354388130993206,127.86675,127.00654166666666
2015-05-18,130.19,128.91261904761902,0.14047318690234775,1.1369077654786326,127.99625,126.95970833333332
2015-05-19,130.07,128.97261904761902,0.03792787750221821,1.0594530748787552,128.15425,126.92470833333333
2015-05-20,130.06,129.1783333333333,0.1590896157211445,0.7225770509455445,128.22625,126.94587499999999
2015-05-21,131.39,129.38547619047617,0.26258229271557737,1.7419415168082402,128.31225,126.962125
2015-05-22,132.54,129.54690476190476,0.007452547941301917,2.9856426901539344,128.42525,127.030125
2015-05-25,130.35,129.55547619047616,-0.30951948254725536,1.1040432920710934,128.31025,127.05112499999998
2015-05-26,129.62,129.60785714285714,-0.10769503684533574,0.11983789398819808,128.26325,127.05545833333333
2015-05-27,132.045,129.75142857142856,-0.24945706733389655,2.543028495905322,128.4335,127.11387500000001
2015-05-28,131.78,129.8742857142857,-0.2571170978224579,2.1628313835367683,128.76500000000001,127.20337500000001
2015-05-29,130.28,129.7895238095238,0.05526963359374735,0.4352065568824396,128.8315,127.26470833333333
2015-06-01,130.535,129.70142857142858,0.20562686624680637,0.6279445623246112,128.92325,127.32129166666665
2015-06-02,129.96,129.57809523809524,0.22766707372979952,0.15423768817496422,129.13125,127.412125
2015-06-03,130.12,129.44619047619048,0.22553085264136413,0.44827867116815995,129.38675,127.54345833333332
2015-06-04,129.36,129.34238095238095,0.08591608733524563,-0.06829703971618155,129.59175,127.62529166666667
2015-06-05,128.65,129.11428571428573,-0.06626622558992629,-0.3980194886957961,129.64325,127.70962499999999
2015-06-08,127.8,128.8795238095238,-0.09020956864143222,-0.9893142408823598,129.71725,127.757125
2015-06-09,127.42,128.72142857142856,-0.42605232860256353,-0.8753762428259957,129.79500000000002,127.76345833333333
2015-06-10,128.88,128.6495238095238,-0.20665990877749024,0.4371360992536863,129.9385,127.77029166666667
2015-06-11,128.59,128.43309523809523,-0.06108012257729335,0.21798488448206277,129.9205,127.78854166666666
2015-06-12,127.17,128.1935714285714,0.04011978024097848,-1.0636912088123796,129.8405,127.80970833333332
2015-06-15,126.92,127.91976190476191,0.32640102416711975,-1.3261629289290309,129.677,127.804875
2015-06-16,127.6,127.67642857142859,0.14047318690234775,-0.21690175833094102,129.5535,127.82004166666667
2015-06-17,127.3,127.51642857142859,0.03792787750221821,-0.25435644893081205,129.4155,127.88537500000001
2015-06-18,127.88,127.34119047619048,0.1590896157211445,0.37971990808837447,129.23999999999998,127.94604166666666
2015-06-19,126.6,127.19690476190475,0.26258229271557737,-0.8594870546203304,128.94299999999998,128.00187499999998
2015-06-22,127.61,127.07071428571426,0.007452547941301917,0.5318331663444376,128.80599999999998,128.02254166666665
2015-06-23,127.03,126.97023809523807,-0.30951948254725536,0.3692813873091829,128.6765,128.065875
2015-06-24,128.11,126.7392857142857,-0.10769503684533574,1.4784093225596497,128.47975000000002,128.13020833333334
2015-06-25,127.5,126.3197619047619,-0.24945706733389655,1.4296951625719923,128.26574999999997,128.16654166666666
2015-06-26,126.75,126.06690476190478,-0.2571170978224579,0.9402123359176777,128.08925,128.18191666666667
2015-06-29,124.53,125.99500000000002,0.05526963359374735,-1.5202696335937649,127.78900000000002,128.13491666666667
2015-06-30,125.425,125.93261904761906,0.20562686624680637,-0.7132459138658653,127.56225000000002,128.12516666666664
2015-07-01,126.6,125.8954761904762,0.22766707372979952,0.47685673579399246,127.38624999999999,128.14183333333332
2015-07-02,126.44,125.95309523809524,0.22553085264136413,0.2613739092633894,127.24025000000002,128.1398333333333
2015-07-03,126.33,126.03595238095238,0.08591608733524563,0.20813153171237192,127.12425,128.127
2015-07-06,126.0,126.29642857142856,-0.06626622558992629,-0.23016234583863743,127.03425,128.11283333333333
2015-07-07,125.69,126.44595238095238,-0.09020956864143222,-0.6657428123109473,126.94775,128.10266666666666
2015-07-08,122.57,126.35976190476191,-0.42605232860256353,-3.3637095761593536,126.63225,128.0325
2015-07-09,120.07,126.21928571428572,-0.20665990877749024,-5.942625805508235,126.20625,127.93083333333334
2015-07-10,123.28,126.07642857142858,-0.06108012257729335,-2.7353484488512847,126.01175,127.90633333333334
2015-07-13,125.66,125.88690476190476,0.04011978024097848,-0.2670245421457411,125.94874999999999,127.874
2015-07-14,125.61,125.83214285714284,0.32640102416711975,-0.5485438813099617,125.84925000000001,127.85233333333332
2015-07-15,126.82,125.71619047619046,0.14047318690234775,0.9633363369071831,125.82524999999998,127.82233333333333
2015-07-16,128.51,125.5147619047619,0.03792787750221821,2.957310217735875,125.85675,127.80299999999998
2015-07-17,129.62,125.26999999999998,0.1590896157211445,4.190910384278879,126.00775000000002,127.792
2015-07-20,132.07,124.8942857142857,0.26258229271557737,6.913131992998715,126.23075000000001,127.78233333333334
2015-07-21,130.75,124.35333333333334,0.007452547941301917,6.389214118725359,126.41675000000001,127.7855
2015-07-22,125.22,123.86333333333333,-0.30951948254725536,1.6661861492139245,126.27225000000001,127.7285
2015-07-23,125.16,123.5090476190476,-0.10769503684533574,1.7586474177977256,126.15524999999998,127.72866666666667
2015-07-24,124.5,123.29238095238095,-0.24945706733389655,1.457076114952944,126.04274999999998,127.65450000000001
2015-07-27,122.77,123.12285714285714,-0.2571170978224579,-0.09574004503468886,125.95474999999999,127.55566666666667
2015-07-28,123.38,122.54333333333334,0.05526963359374735,0.7813970330729115,125.85249999999999,127.51533333333333
2015-07-29,122.99,122.04952380952382,0.20562686624680637,0.7348493242293692,125.672,127.48166666666665
2015-07-30,122.37,121.49380952380953,0.22766707372979952,0.6485234024606735,125.46849999999999,127.4335
2015-07-31,121.3,120.89619047619048,0.22553085264136413,0.17827867116814972,125.21699999999998,127.32816666666666
2015-08-03,118.44,120.30285714285714,0.08591608733524563,-1.9487732301923832,124.83899999999998,127.19683333333334
2015-08-04,114.64,119.56142857142858,-0.06626622558992629,-4.855162345838652,124.2865,127.00975
2015-08-05,115.4,118.81190476190476,-0.09020956864143222,-3.3216951932633183,123.928,126.83291666666668
2015-08-06,115.13,118.21333333333332,-0.42605232860256353,-2.657281004730765,123.681,126.60258333333334
2015-08-07,115.52,117.2895238095238,-0.20665990877749024,-1.5628639007463137,123.29299999999998,126.38175
2015-08-10,119.72,116.27142857142857,-0.06108012257729335,3.50965155114872,122.99600000000001,126.20725
2015-08-11,113.49,115.36523809523808,0.04011978024097848,-1.9153578754790674,122.38999999999999,125.93091666666666
2015-08-12,115.24,114.71333333333332,0.32640102416711975,0.2002656424995511,121.811,125.68391666666666
2015-08-13,115.15,114.23380952380951,0.14047318690234775,0.7757172892881458,121.14299999999999,125.41325
2015-08-14,115.96,113.80142857142857,0.03792787750221821,2.120643551069202,120.46,125.13691666666666
2015-08-17,117.16,113.3947619047619,0.1590896157211445,3.606148479516945,119.7145,124.91708333333334
2015-08-18,116.5,112.88428571428571,0.26258229271557737,3.353131992998713,119.002,124.69841666666666
2015-08-19,115.01,112.77476190476192,0.007452547941301917,2.2277855472967865,118.4915,124.41450000000002
2015-08-20,112.65,112.53523809523811,-0.30951948254725536,0.4242813873091471,117.86600000000001,124.09566666666666
2015-08-21,105.76,112.25619047619048,-0.10769503684533574,-6.388495439345142,116.929,123.687
2015-08-24,103.12,112.06714285714285,-0.24945706733389655,-8.697685789808954,115.94650000000001,123.23008333333334
2015-08-25,103.74,111.71428571428572,-0.2571170978224579,-7.71716861646327,114.9645,122.79308333333333
2015-08-26,109.69,111.5552380952381,0.05526963359374735,-1.9205077288318453,114.2995,122.45258333333335
2015-08-27,112.92,111.42809523809524,0.20562686624680637,1.2862778956579568,113.827,122.17858333333332
2015-08-28,113.29,111.38333333333333,0.22766707372979952,1.678999592936881,113.4265,121.92258333333334
2015-08-31,112.76,111.35238095238094,0.22553085264136413,1.1820881949777005,113.14250000000001,121.67191666666666
2015-09-01,107.72,111.31047619047618,0.08591608733524563,-3.676392277811427,112.7965,121.34358333333333
2015-09-02,112.34,111.30619047619047,-0.06626622558992629,1.100075749399464,112.64350000000002,121.06791666666666
2015-09-03,110.37,111.25428571428571,-0.09020956864143222,-0.7940761456442776,112.4055,120.76424999999999
2015-09-04,109.27,111.29238095238095,-0.42605232860256353,-1.596328623778393,112.093,120.46591666666667
2015-09-07,111.55,111.74238095238096,-0.20665990877749024,0.01427895639653215,111.6845,120.20975
2015-09-08,112.31,112.23190476190477,-0.06108012257729335,0.13917536067252334,111.62550000000002,119.95491666666666
2015-09-09,110.15,112.73571428571428,0.04011978024097848,-2.625834065955253,111.37100000000001,119.66908333333332
2015-09-10,112.57,112.98857142857143,0.32640102416711975,-0.7449724527385595,111.242,119.41391666666667
2015-09-11,114.21,113.07380952380953,0.14047318690234775,0.9957172892881162,111.15450000000001,119.20741666666667
2015-09-14,115.31,113.03333333333333,0.03792787750221821,2.2387387891644526,111.06199999999998,119.00241666666666
2015-09-15,116.28,112.85714285714285,0.1590896157211445,3.2637675271360096,111.051,118.82324999999999
2015-09-16,116.41,112.97999999999999,0.26258229271557737,3.1674177072844296,111.12100000000001,118.62825000000001
2015-09-17,113.92,112.84857142857142,0.007452547941301917,1.0639760234872817,111.1845,118.40191666666666
2015-09-18,113.45,112.8490476190476,-0.30951948254725536,0.9104718634996622,111.569,118.18025000000002
2015-09-21,115.21,112.92095238095237,-0.10769503684533574,2.396742655892958,112.17349999999999,118.02491666666667
2015-09-22,113.4,112.9095238095238,-0.24945706733389655,0.7399332578100977,112.65650000000001,117.8245
2015-09-23,114.32,112.83666666666667,-0.2571170978224579,1.740450431155778,112.888,117.61983333333333
2015-09-24,115.0,112.80571428571429,0.05526963359374735,2.139016080691965,112.992,117.42916666666666
2015-09-25,114.71,112.7842857142857,0.20562686624680637,1.720087419467486,113.06300000000002,117.2355
2015-09-28,112.44,112.66,0.22766707372979952,-0.4476670737297984,113.04699999999998,117.00950000000002
2015-09-29,109.06,112.49238095238094,0.22553085264136413,-3.657911805022303,113.114,116.73233333333333
2015-09-30,110.3,112.20333333333332,0.08591608733524563,-1.9892494206685674,113.01199999999999,116.52783333333333
2015-10-01,109.58,111.98666666666666,-0.06626622558992629,-2.34040044107674,112.9725,116.35300000000001
2015-10-02,110.38,111.8495238095238,-0.09020956864143222,-1.3793142408823746,113.02799999999999,116.13799999999999
2015-10-05,110.78,111.76761904761904,-0.42605232860256353,-0.561566719016471,112.98949999999999,115.89
2015-10-06,111.31,111.6990476190476,-0.20665990877749024,-0.18238771027011197,112.9395,115.65166666666667
2015-10-07,110.78,111.71619047619046,-0.06108012257729335,-0.8751103536131678,112.971,115.38433333333333
2015-10-08,109.5,111.77238095238094,0.04011978024097848,-2.3125007326219205,112.8175,115.06750000000001
2015-10-09,112.12,111.96666666666665,0.32640102416711975,-0.17306769083376955,112.71300000000001,114.77583333333334
2015-10-12,111.6,111.99380952380952,0.14047318690234775,-0.5342827107118707,112.5275,114.43466666666667
2015-10-13,111.79,112.09428571428572,0.03792787750221821,-0.3422135917879298,112.303,114.11866666666667
2015-10-14,110.21,112.5804761904762,0.1590896157211445,-2.5295658061973554,111.99300000000001,113.8685
2015-10-15,111.86,113.06761904761905,0.26258229271557737,-1.470201340334625,111.88999999999999,113.64683333333332
2015-10-16,111.04,113.53999999999999,0.007452547941301917,-2.5074525479412877,111.76950000000002,113.42249999999999
2015-10-19,111.73,114.05428571428573,-0.30951948254725536,-2.0147662317384665,111.59549999999999,113.2385
2015-10-20,113.77,114.61571428571429,-0.10769503684533574,-0.7380192488689583,111.614,113.07833333333333
2015-10-21,113.76,115.1247619047619,-0.24945706733389655,-1.1153048374279952,111.58599999999998,112.92450000000001
2015-10-22,115.5,115.60761904761904,-0.2571170978224579,0.14949805020341883,111.61099999999999,112.81
2015-10-23,119.08,116.15809523809524,0.05526963359374735,2.8666351283110085,111.82949999999998,112.773
2015-10-26,115.28,116.56047619047621,0.20562686624680637,-1.4861030567230138,111.97150000000002,112.72033333333333
2015-10-27,114.55,116.80666666666667,0.22766707372979952,-2.4843337403964743,112.24599999999998,112.71883333333334
2015-10-28,119.27,117.01238095238097,0.22553085264136413,2.0320881949776664,112.69449999999999,112.78333333333333
2015-10-29,120.53,117.27476190476192,0.08591608733524563,3.1693220079028386,113.242,112.87333333333332
2015-10-30,119.5,117.29761904761905,-0.06626622558992629,2.2686471779708755,113.69800000000001,112.93966666666667
2015-11-02,121.18,117.44690476190476,-0.09020956864143222,3.8233048067366777,114.21799999999999,112.964
2015-11-03,122.57,117.5402380952381,-0.42605232860256353,5.455814233364461,114.78099999999999,113.11533333333334
2015-11-04,122.0,117.70785714285715,-0.20665990877749024,4.498802765920339,115.34200000000001,113.22800000000001
2015-11-05,120.92,117.94690476190476,-0.06108012257729335,3.0341753606725335,115.91300000000001,113.32416666666667
2015-11-06,121.06,118.12785714285712,0.04011978024097848,2.8920230769019,116.35999999999999,113.40916666666665
2015-11-09,120.57,118.06452380952379,0.32640102416711975,2.179075166309082,116.80850000000001,113.466
2015-11-10,116.77,118.23595238095237,0.14047318690234775,-1.606425567854721,117.0575,113.47049999999999
2015-11-11,116.11,118.40166666666666,0.03792787750221821,-2.3295945441688755,117.35249999999999,113.48883333333333
2015-11-12,115.72,118.33738095238094,0.1590896157211445,-2.7764705681020856,117.54550000000002,113.53999999999999
2015-11-13,112.34,118.20785714285714,0.26258229271557737,-6.13043943557271,117.61049999999997,113.64966666666666
2015-11-16,114.175,118.15071428571429,0.007452547941301917,-3.9831668336555914,117.73274999999998,113.83391666666667
2015-11-17,113.69,117.96785714285714,-0.30951948254725536,-3.9683376603098885,117.72874999999999,113.99974999999999
2015-11-18,117.29,117.66833333333332,-0.10769503684533574,-0.2706382964879803,117.90525,114.12641666666666
2015-11-19,118.78,117.34452380952379,-0.24945706733389655,1.684933257810105,118.06925000000001,114.22408333333334
2015-11-20,119.3,117.25452380952379,-0.2571170978224579,2.3025932882986657,118.08025,114.32424999999999
2015-11-23,117.75,117.12214285714283,0.05526963359374735,0.5725875092634193,118.20374999999999,114.40741666666668
2015-11-24,118.88,117.01071428571427,0.20562686624680637,1.6636588480389172,118.42025000000001,114.59341666666666
2015-11-25,118.03,116.95595238095238,0.22766707372979952,0.8463805453178191,118.35825,114.68825
2015-11-26,117.92,116.95880952380952,0.22553085264136413,0.7356596235491168,118.22774999999999,114.81408333333334
2015-11-27,117.81,116.83785714285715,0.08591608733524563,0.8862267698076105,118.14325,114.95641666666667
2015-11-30,118.3,116.84452380952379,-0.06626622558992629,1.5217424160661308,117.99925,115.06891666666667
2015-12-01,117.34,116.6690476190476,-0.09020956864143222,0.7611619495938323,117.73775,115.15275
2015-12-02,116.28,116.55714285714284,-0.42605232860256353,0.14890947145972905,117.45174999999999,115.25491666666667
2015-12-03,115.2,116.16142857142856,-0.20665990877749024,-0.7547686626510655,117.16575,115.29874999999998
2015-12-04,119.03,115.5542857142857,-0.06108012257729335,3.536794408291597,117.06424999999999,115.37908333333333
2015-12-07,118.28,114.98428571428569,0.04011978024097848,3.255594505473333,116.94975,115.42858333333334
2015-12-08,118.23,114.48333333333332,0.32640102416711975,3.4202656424995643,117.02275,115.46108333333333
2015-12-09,115.62,113.9942857142857,0.14047318690234775,1.4852410988119618,116.99825000000001,115.44791666666667
2015-12-10,116.17,113.51809523809523,0.03792787750221821,2.6139768844025557,117.02074999999999,115.48541666666667
2015-12-11,113.18,113.03273809523809,0.1590896157211445,-0.011827710959225468,117.06275000000001,115.48091666666666
2015-12-14,112.48,112.50940476190476,0.26258229271557737,-0.29198705462033486,116.978,115.43541666666667
2015-12-15,110.49,112.05416666666667,0.007452547941301917,-1.5716192146079813,116.81800000000001,115.38691666666666
2015-12-16,111.34,111.57702380952382,-0.30951948254725536,0.07249567302343607,116.5205,115.33725000000001
2015-12-17,108.98,111.0522619047619,-0.10769503684533574,-1.9645668679165662,116.03049999999999,115.23691666666667
2015-12-18,106.03,110.58000000000001,-0.24945706733389655,-4.300542932666115,115.367,115.09224999999999
2015-12-21,107.33,109.92857142857143,-0.2571170978224579,-2.3414543307489746,114.846,115.00708333333334
2015-12-22,107.23,109.18714285714287,0.05526963359374735,-2.012412490736617,114.2635,114.97658333333334
2015-12-23,108.61,108.35238095238095,0.20562686624680637,0.05199218137223838,113.79250000000002,114.94841666666666
2015-12-24,108.03,107.4395238095238,0.22766707372979952,0.36280911674639593,113.298,114.92258333333334
2015-12-25,107.72749999999999,106.52476190476189,0.22553085264136413,0.9772072425967395,112.793875,114.878375
2015-12-28,106.82,105.82714285714285,0.08591608733524563,0.9069410555219017,112.219875,114.812375
2015-12-29,108.74,105.23095238095237,-0.06626622558992629,3.5753138446375474,111.78987499999998,114.76954166666665
2015-12-30,107.32,104.60714285714288,-0.09020956864143222,2.80306671149855,111.341875,114.711875
2015-12-31,105.26,104.04428571428573,-0.42605232860256353,1.6417666143168337,110.844875,114.64120833333332
2016-01-01,105.2825,103.48,-0.20665990877749024,2.009159908777485,110.1575,114.52725000000001
2016-01-04,105.35,103.03940476190476,-0.06108012257729335,2.371675360672525,109.511,114.42308333333334
2016-01-05,102.71,102.53130952380953,0.04011978024097848,0.13857069594948948,108.73499999999999,114.27175000000001
2016-01-06,100.7,102.03416666666666,0.32640102416711975,-1.660567690833781,107.989,114.11325000000001
2016-01-07,96.45,101.44797619047618,0.14047318690234775,-5.138449377378528,107.003,113.85641666666668
2016-01-08,96.96,101.13321428571427,0.03792787750221821,-4.211142163216499,106.19200000000001,113.62175
2016-01-11,98.53,100.7385714285714,0.1590896157211445,-2.367661044292548,105.49449999999999,113.40174999999999
2016-01-12,99.96,100.4133333333333,0.26258229271557737,-0.7159156260488821,104.968,113.17158333333333
2016-01-13,97.39,99.6838095238095,0.007452547941301917,-2.301262071750802,104.2705,112.89875
2016-01-14,99.52,99.0538095238095,-0.30951948254725536,0.7757099587377461,103.79749999999999,112.63241666666666
2016-01-15,97.13,98.67666666666665,-0.10769503684533574,-1.4389716298213169,103.35249999999999,112.26658333333333
2016-01-18,96.7775,98.25511904761903,-0.24945706733389655,-1.228161980285133,102.82487499999999,111.95820833333333
2016-01-19,96.66,97.7375,-0.2571170978224579,-0.8203829021775426,102.296375,111.66004166666667
2016-01-20,96.79,97.43464285714286,0.05526963359374735,-0.6999124907366029,101.705375,111.28537499999999
2016-01-21,96.3,97.23940476190474,0.20562686624680637,-1.1450316281515462,101.11887499999999,110.88154166666666
2016-01-22,101.42,97.12369047619046,0.22766707372979952,4.068642450079741,100.8035,110.58020833333333
2016-01-25,99.44,97.0308333333333,0.22553085264136413,2.1836358140253282,100.4345,110.21787499999999
2016-01-26,99.99,96.86226190476187,0.08591608733524563,3.0418220079028835,99.997,109.84154166666667
2016-01-27,93.42,96.5913095238095,-0.06626622558992629,-3.1050432982195715,99.30199999999999,109.36520833333334
2016-01-28,94.09,96.41559523809522,-0.09020956864143222,-2.2353856694537857,98.74350000000001,108.91804166666665
2016-01-29,97.34,96.1522619047619,-0.42605232860256353,1.6137904238406666,98.346375,108.52270833333334
2016-02-01,96.43,96.09738095238096,-0.20665990877749024,0.5392789563965379,97.900375,108.120375
2016-02-02,94.48,96.09083333333334,-0.06108012257729335,-1.5497532107560386,97.48887500000001,107.748875
2016-02-03,96.35,96.16035714285714,0.04011978024097848,0.14952307690187874,97.271375,107.41954166666666
2016-02-04,96.6,96.13511904761904,0.32640102416711975,0.1384799282138321,97.278875,107.10087500000002
2016-02-05,94.02,96.1227380952381,0.14047318690234775,-2.2432112821404573,97.131875,106.79554166666667
2016-02-08,95.01,95.90654761904761,0.03792787750221821,-0.9344754965498279,96.955875,106.476125
2016-02-09,94.99,95.68035714285713,0.1590896157211445,-0.8494467585782828,96.707375,106.16445833333334
2016-02-10,94.27,95.49511904761904,0.26258229271557737,-1.4877013403346233,96.55137500000001,105.78079166666666
2016-02-11,93.7,95.65416666666667,0.007452547941301917,-1.9616192146079676,96.260375,105.36279166666667
2016-02-12,93.99,95.78845238095239,-0.30951948254725536,-1.4889328984051424,96.103375,104.94095833333333
2016-02-15,95.97749999999999,95.75750000000001,-0.10769503684533574,0.3276950368453204,96.063375,104.57808333333332
2016-02-16,96.64,95.95273809523809,-0.24945706733389655,0.9367189720958076,96.062375,104.20741666666667
2016-02-17,98.12,96.25130952380952,-0.2571170978224579,2.1258075740129376,96.128875,103.87558333333332
2016-02-18,96.26,96.4965476190476,0.05526963359374735,-0.29181725264134617,96.12687500000001,103.51458333333333
2016-02-19,96.04,96.8017857142857,0.20562686624680637,-0.9674125805324998,95.857875,103.15175
2016-02-22,96.88,97.17559523809523,0.22766707372979952,-0.5232623118250307,95.72987499999999,102.79475000000001
2016-02-23,94.69,97.4622619047619,0.22553085264136413,-2.997792757403269,95.46487499999999,102.41725
2016-02-24,96.1,97.75416666666666,0.08591608733524563,-1.7400827540019141,95.59887499999999,102.08091666666668
2016-02-25,96.76,98.0827380952381,-0.06626622558992629,-1.2564718696481678,95.73237499999999,101.77358333333333
2016-02-26,96.91,98.49035714285715,-0.09020956864143222,-1.4901475742157209,95.710875,101.40491666666667
2016-02-29,96.69,98.89654761904764,-0.42605232860256353,-1.7804952904450768,95.72387499999999,101.04508333333334
2016-03-01,100.53,99.3061904761905,-0.20665990877749024,1.4304694325869973,96.026375,100.75008333333334
2016-03-02,100.75,99.7504761904762,-0.06108012257729335,1.0606039321010872,96.246375,100.50224999999999
2016-03-03,101.5,100.11619047619048,0.04011978024097848,1.3436897435685393,96.491375,100.25775
2016-03-04,103.01,100.57619047619048,0.32640102416711975,2.1074084996424096,96.94087499999999,100.08825
2016-03-07,101.87,101.04619047619047,0.14047318690234775,0.683336336907182,97.283875,99.91141666666665
2016-03-08,101.03,101.51476190476191,0.03792787750221821,-0.5226897822641288,97.58587500000002,99.75375
2016-03-09,101.12,102.05952380952381,0.1590896157211445,-1.0986134252449502,97.92837499999999,99.58341666666666
2016-03-10,101.17,102.5152380952381,0.26258229271557737,-1.6078203879536794,98.30187500000001,99.45325
2016-03-11,102.26,102.93380952380953,0.007452547941301917,-0.681262071750826,98.71537500000001,99.39041666666667
2016-03-14,102.52,103.32809523809524,-0.30951948254725536,-0.4985757555479928,99.0425,99.31025
2016-03-15,104.58,103.85142857142857,-0.10769503684533574,0.8362664654167635,99.4395,99.26608333333334
2016-03-16,105.97,104.28142857142858,-0.24945706733389655,1.938028495905318,99.83200000000001,99.22208333333334
2016-03-17,105.8,104.67380952380954,-0.2571170978224579,1.3833075740129168,100.309,99.18491666666665
2016-03-18,105.92,105.07809523809523,0.05526963359374735,0.7866351283110243,100.803,99.15479166666665
2016-03-21,105.91,105.46428571428571,0.20562686624680637,0.24008741946748202,101.25450000000001,99.139625
2016-03-22,106.72,105.84238095238095,0.22766707372979952,0.6499519738892497,101.856,99.10595833333333
2016-03-23,106.13,106.31523809523809,0.22553085264136413,-0.41076894787945534,102.3575,99.086125
2016-03-24,105.67,106.66857142857143,0.08591608733524563,-1.0844875159066694,102.803,99.09295833333334
2016-03-25,105.55,107.02523809523808,-0.06626622558992629,-1.408971869648157,103.23499999999999,99.09741666666667
2016-03-28,105.19,107.34714285714286,-0.09020956864143222,-2.066933288501426,103.66,99.09474999999999
2016-03-29,107.68,107.72428571428571,-0.42605232860256353,0.38176661431685704,104.0175,99.17758333333333
2016-03-30,109.56,108.0795238095238,-0.20665990877749024,1.6871360992536863,104.458,99.32525
2016-03-31,108.99,108.37142857142857,-0.06108012257729335,0.6796515511487217,104.83250000000001,99.53425
2016-04-01,109.99,108.5642857142857,0.04011978024097848,1.3855945054733139,105.1815,99.75141666666667
2016-04-04,111.12,108.63857142857141,0.32640102416711975,2.155027547261475,105.644,99.96125
2016-04-05,109.81,108.68619047619048,0.14047318690234775,0.9833363369071791,106.083,100.12541666666668
2016-04-06,110.96,108.70571428571428,0.03792787750221821,2.216357836783496,106.575,100.35158333333334
2016-04-07,108.54,108.69809523809523,0.1590896157211445,-0.3171848538163728,106.9435,100.50191666666667
2016-04-08,108.66,108.69857142857143,0.26258229271557737,-0.3011537212870074,107.2635,100.69408333333334
2016-04-11,109.02,108.67619047619047,0.007452547941301917,0.3363569758682239,107.5885,100.898125
2016-04-12,110.44,108.63619047619045,-0.30951948254725536,2.1133290063568033,107.8815,101.12779166666668
2016-04-13,112.04,108.16666666666666,-0.10769503684533574,3.981028370178685,108.18499999999999,101.38195833333334
2016-04-14,112.1,107.46523809523808,-0.24945706733389655,4.8842189720958125,108.5,101.64529166666667
2016-04-15,109.85,106.73904761904762,-0.2571170978224579,3.368069478774827,108.69649999999999,101.78579166666667
2016-04-18,107.48,105.9604761904762,0.05526963359374735,1.4642541759300567,108.775,101.91979166666667
2016-04-19,106.91,105.20142857142856,0.20562686624680637,1.5029445623246254,108.78450000000001,102.03512500000001
2016-04-20,107.13,104.45761904761903,0.22766707372979952,2.4447138786511626,108.8345,102.26362499999999
2016-04-21,105.97,103.61380952380951,0.22553085264136413,2.130659623549127,108.8495,102.461625
2016-04-22,105.68,102.86047619047618,0.08591608733524563,2.7336077221885837,108.856,102.60062500000001
2016-04-25,105.08,102.10476190476189,-0.06626622558992629,3.041504320828038,108.85049999999998,102.74479166666667
2016-04-26,104.35,101.36190476190474,-0.09020956864143222,3.0783048067366874,108.68400000000001,102.90929166666668
2016-04-27,97.82,100.50809523809521,-0.42605232860256353,-2.2620429094926515,108.09700000000001,102.93379166666666
2016-04-28,94.83,99.47476190476189,-0.20665990877749024,-4.438101995984403,107.38899999999998,102.90429166666667
2016-04-29,93.74,98.44714285714285,-0.06108012257729335,-4.646062734565562,106.57650000000001,102.899625
2016-05-02,93.64,97.68666666666667,0.04011978024097848,-4.086786446907645,105.70250000000001,102.87679166666666
2016-05-03,95.18,97.02047619047619,0.32640102416711975,-2.166877214643301,104.971,102.87995833333333
2016-05-04,94.19,96.43238095238095,0.14047318690234775,-2.382854139283303,104.13250000000001,102.878625
2016-05-05,93.24,95.81666666666665,0.03792787750221821,-2.614594544168872,103.36749999999999,102.87095833333333
2016-05-06,92.72,95.30476190476189,0.1590896157211445,-2.743851520483035,102.5705,102.84979166666668
2016-05-09,92.79,94.86428571428569,0.26258229271557737,-2.3368680070012564,101.759,102.79666666666667
2016-05-10,93.42,94.52238095238093,0.007452547941301917,-1.1098335003222282,100.90799999999999,102.743
2016-05-11,92.51,94.29714285714283,-0.30951948254725536,-1.47762337459557,99.9315,102.6495
2016-05-12,90.34,94.4204761904762,-0.10769503684533574,-3.9727811536308546,98.8435,102.55083333333332
2016-05-13,90.52,94.68333333333332,-0.24945706733389655,-3.91387626599943,97.877,102.45883333333333
2016-05-16,93.88,94.98059523809522,-0.2571170978224579,-0.8434781402727658,97.19699999999999,102.40883333333333
2016-05-17,93.49,95.2767857142857,0.05526963359374735,-1.8420553478794464,96.526,102.38883333333334
2016-05-18,94.56,95.43297619047618,0.20562686624680637,-1.0786030567229865,95.8975,102.36316666666667
2016-05-19,94.2,95.60107142857142,0.22766707372979952,-1.6287385023012124,95.309,102.32050000000001
2016-05-20,95.22,95.82392857142857,0.22553085264136413,-0.8294594240699324,94.786,102.29233333333333
2016-05-23,96.43,96.10535714285714,0.08591608733524563,0.2387267698076167,94.3535,102.288
2016-05-24,97.9,96.4025,-0.06626622558992629,1.5637662255899285,94.03099999999999,102.24416666666667
2016-05-25,99.62,96.66535714285716,-0.09020956864143222,3.044852425784276,94.12100000000001,102.22533333333334
2016-05-26,100.41,97.00535714285715,-0.42605232860256353,3.83069518574541,94.4,102.20716666666667
2016-05-27,100.35,97.40964285714284,-0.20665990877749024,3.1470170516346427,94.7305,102.16283333333334
2016-05-30,99.9825,97.73440476190474,-0.06108012257729335,2.3091753606725534,95.04762500000001,102.13137499999999
2016-05-31,99.86,97.90488095238095,0.04011978024097848,1.9149992673780714,95.28162499999999,102.11187500000001
2016-06-01,98.46,98.07869047619046,0.32640102416711975,0.054908499642414565,95.495125,102.06754166666666
2016-06-02,97.72,98.2210714285714,0.14047318690234775,-0.6415446154737551,95.71912499999999,102.01004166666667
2016-06-03,97.92,98.27488095238095,0.03792787750221821,-0.3928088298831706,95.979125,101.93770833333333
2016-06-06,98.63,98.26916666666666,0.1590896157211445,0.2017437176121875,96.271125,101.872875
2016-06-07,99.03,98.24440476190476,0.26258229271557737,0.5230129453796628,96.551625,101.780375
2016-06-08,98.94,98.1325,0.007452547941301917,0.8000474520587026,96.873125,101.66320833333333
2016-06-09,99.65,97.96488095238094,-0.30951948254725536,1.9946385301663234,97.33862500000001,101.56070833333334
2016-06-10,98.83,97.6310714285714,-0.10769503684533574,1.3066236082739313,97.754125,101.44254166666666
2016-06-13,97.34,97.23535714285713,-0.24945706733389655,0.35409992447677424,97.927125,101.29970833333333
2016-06-14,97.46,96.93095238095236,-0.2571170978224579,0.7861647168700892,98.125625,101.145375
2016-06-15,97.14,96.67095238095237,0.05526963359374735,0.41377798545388156,98.254625,100.99554166666667
2016-06-16,97.55,96.5347619047619,0.20562686624680637,0.8096112289912973,98.42212500000001,100.86020833333333
2016-06-17,95.33,96.44761904761904,0.22766707372979952,-1.3452861213488436,98.427625,100.689875
2016-06-20,95.1,96.3188095238095,0.22553085264136413,-1.4443403764508758,98.36112499999999,100.52170833333334
2016-06-21,95.91,96.14547619047617,0.08591608733524563,-0.32139227781142293,98.261625,100.32554166666667
2016-06-22,95.55,95.9788095238095,-0.06626622558992629,-0.36254329821957904,98.05812499999999,100.09204166666667
2016-06-23,96.1,95.83595238095235,-0.09020956864143222,0.35425718768907705,97.842625,99.87720833333333
2016-06-24,93.4,95.6945238095238,-0.42605232860256353,-1.868471480921232,97.495125,99.60070833333333
2016-06-27,92.04,95.60642857142857,-0.20665990877749024,-3.3597686626510694,97.09799999999998,99.28270833333333
2016-06-28,93.59,95.61023809523809,-0.06108012257729335,-1.9591579726607915,96.78450000000001,99.01237499999999
2016-06-29,94.4,95.58214285714286,0.04011978024097848,-1.2222626373838283,96.58149999999999,98.736375
2016-06-30,95.6,95.66071428571428,0.32640102416711975,-0.387115309881403,96.4755,98.52070833333332
2016-07-01,95.89,95.7192857142857,0.14047318690234775,0.03024109881194917,96.374,98.307875
2016-07-04,95.215,95.93357142857143,0.03792787750221821,-0.7564993060736409,96.20325,98.07779166666667
2016-07-05,94.99,96.16071428571429,0.1590896157211445,-1.3298039014354415,96.00125,97.82029166666666
2016-07-06,95.53,96.35357142857143,0.26258229271557737,-1.086153721287004,95.83075,97.545125
2016-07-07,95.94,96.53833333333334,0.007452547941301917,-0.6057858812746453,95.64525,97.27579166666668
2016-07-08,96.68,96.6602380952381,-0.30951948254725536,0.32928138730916245,95.53774999999999,97.05629166666667
2016-07-11,96.98,96.84785714285714,-0.10769503684533574,0.23983789398820263,95.51975,96.88129166666667
2016-07-12,97.42,97.06833333333334,-0.24945706733389655,0.601123734000556,95.51775,96.723125
2016-07-13,96.87,97.51404761904763,-0.2571170978224579,-0.3869305212251682,95.50424999999998,96.552125
2016-07-14,98.79,97.98738095238095,0.05526963359374735,0.7473494140253133,95.56625,96.43245833333334
2016-07-15,98.78,98.39738095238096,0.20562686624680637,0.17699218137223838,95.73875000000001,96.31745833333333
2016-07-18,99.83,98.88119047619047,0.22766707372979952,0.7211424500797302,95.97525,96.22995833333333
2016-07-19,99.87,99.32238095238094,0.22553085264136413,0.3220881949777011,96.17325000000001,96.15529166666667
2016-07-20,99.96,99.83666666666666,0.08591608733524563,0.037417245998089224,96.39375,96.19095833333333
2016-07-21,99.43,100.32904761904761,-0.06626622558992629,-0.8327813934576811,96.56025,96.267625
2016-07-22,98.66,100.8785714285714,-0.09020956864143222,-2.128361859929976,96.82325,96.349625
2016-07-25,97.34,101.43523809523808,-0.42605232860256353,-3.66918576663551,97.08825,96.41129166666666
2016-07-26,96.67,101.99857142857141,-0.20665990877749024,-5.121911519793918,97.24225,96.436125
2016-07-27,102.95,102.50238095238093,-0.06108012257729335,0.5086991701963642,97.66975000000001,96.58212499999999
2016-07-28,104.34,103.0290476190476,0.04011978024097848,1.2708326007114221,98.10675,96.76712500000001
2016-07-29,104.21,103.47619047619047,0.32640102416711975,0.4074084996424066,98.52275,96.958625
2016-08-01,106.05,103.98571428571427,0.14047318690234775,1.9238125273833833,99.0645,97.179625
2016-08-02,104.48,104.44047619047619,0.03792787750221821,0.0015959320215959694,99.539,97.36395833333333
2016-08-03,105.79,104.8857142857143,0.1590896157211445,0.7451960985645614,100.05199999999999,97.58529166666666
2016-08-04,105.87,105.32000000000001,0.26258229271557737,0.2874177072844198,100.5485,97.844125
2016-08-05,107.48,105.79285714285714,0.007452547941301917,1.6796903092015576,101.08850000000001,98.12679166666666
2016-08-08,108.37,106.26190476190477,-0.30951948254725536,2.4176147206424865,101.658,98.36829166666666
2016-08-09,108.81,106.81,-0.10769503684533574,2.1076950368453358,102.22749999999999,98.623625
2016-08-10,108.0,107.35095238095238,-0.24945706733389655,0.898504686381518,102.78400000000002,98.84762500000001
2016-08-11,107.93,107.57095238095238,-0.2571170978224579,0.6161647168700874,103.24100000000001,99.07645833333332
2016-08-12,108.18,107.6947619047619,0.05526963359374735,0.4299684616443552,103.71099999999998,99.29245833333333
2016-08-15,109.48,107.81904761904762,0.20562686624680637,1.4553255147055744,104.1935,99.50995833333333
2016-08-16,109.38,107.81666666666666,0.22766707372979952,1.3356662596035331,104.66900000000001,99.70129166666666
2016-08-17,109.22,107.89380952380954,0.22553085264136413,1.1006596235490975,105.13200000000002,99.86129166666666
2016-08-18,109.08,107.93857142857144,0.08591608733524563,1.055512484093317,105.61449999999999,100.00579166666667
2016-08-19,109.36,108.02714285714286,-0.06626622558992629,1.3991233684470628,106.14949999999999,100.15595833333332
2016-08-22,108.51,108.0379761904762,-0.09020956864143222,0.5622333781652368,106.708,100.29808333333334
2016-08-23,108.85,108.00607142857145,-0.42605232860256353,1.2699809000311124,107.31700000000001,100.44791666666667
2016-08-24,108.03,107.98464285714286,-0.20665990877749024,0.25201705163463245,107.571,100.60741666666667
2016-08-25,107.57,107.86654761904761,-0.06108012257729335,-0.23546749647032195,107.7325,100.77158333333334
2016-08-26,106.94,107.63797619047618,0.04011978024097848,-0.7380959707171615,107.869,100.92191666666668
2016-08-29,106.82,107.5075,0.32640102416711975,-1.0139010241671198,107.90749999999998,101.05841666666667
2016-08-30,106.0,107.43464285714283,0.14047318690234775,-1.575116044045181,107.9835,101.17458333333333
2016-08-31,106.1,107.54845238095237,0.03792787750221821,-1.4863802584545933,107.999,101.29391666666668
2016-09-01,106.73,107.85083333333333,0.1590896157211445,-1.2799229490544675,108.042,101.41191666666667
2016-09-02,107.73,108.12892857142857,0.26258229271557737,-0.6615108641441474,108.05449999999999,101.56025000000001
2016-09-05,107.70750000000001,108.32988095238096,0.007452547941301917,-0.6298335003222526,108.021375,101.73304166666667
2016-09-06,107.7,108.57083333333334,-0.30951948254725536,-0.5613138507860818,107.96587500000001,101.90370833333333
2016-09-07,108.36,108.79464285714286,-0.10769503684533574,-0.326947820297526,107.98387500000001,102.09070833333334
2016-09-08,105.52,109.10845238095239,-0.24945706733389655,-3.338995313618493,107.86337499999999,102.22354166666666
2016-09-09,103.13,109.35321428571429,-0.2571170978224579,-5.966097187891834,107.610875,102.35354166666666
2016-09-12,105.44,109.63607142857141,0.05526963359374735,-4.251341062165162,107.408875,102.52587500000001
2016-09-13,107.95,109.93464285714285,0.20562686624680637,-2.190269723389651,107.337375,102.72654166666666
2016-09-14,111.77,110.31321428571427,0.22766707372979952,1.2291186405559298,107.464875,102.996875
2016-09-15,115.57,110.60273809523807,0.22553085264136413,4.741731052120563,107.78937499999999,103.321375
2016-09-16,114.92,110.90369047619046,0.08591608733524563,3.9303934364742936,108.067375,103.68004166666668
2016-09-19,113.58,111.1317857142857,-0.06626622558992629,2.514480511304227,108.320875,104.03904166666668
2016-09-20,113.57,111.3838095238095,-0.09020956864143222,2.276400044831922,108.55687499999999,104.37204166666668
2016-09-21,113.55,111.63857142857142,-0.42605232860256353,2.3374809000311365,108.83287500000002,104.69120833333334
2016-09-22,114.62,111.90190476190476,-0.20665990877749024,2.924755146872735,109.185375,105.00820833333334
2016-09-23,112.71,112.30857142857141,-0.06108012257729335,0.46250869400587524,109.47387499999999,105.28854166666666
2016-09-26,112.88,112.92380952380951,0.04011978024097848,-0.0839293040504929,109.77687500000002,105.58295833333334
2016-09-27,113.09,113.44095238095238,0.32640102416711975,-0.6773534051194983,110.131375,105.884625
2016-09-28,113.95,113.88809523809522,0.14047318690234775,-0.07856842499756297,110.523875,106.191625
2016-09-29,112.18,114.13619047619045,0.03792787750221821,-1.9941183536926612,110.79637500000001,106.46229166666666
2016-09-30,113.05,114.23428571428569,0.1590896157211445,-1.3433753300068374,111.06237500000002,106.735125
2016-10-03,112.52,114.3595238095238,0.26258229271557737,-2.1021061022393743,111.303,106.994125
2016-10-04,113.0,114.54476190476188,0.007452547941301917,-1.5522144527031863,111.56800000000001,107.25379166666667
2016-10-05,113.05,114.71380952380952,-0.30951948254725536,-1.3542900412622636,111.80249999999998,107.52345833333334
2016-10-06,113.89,114.88095238095237,-0.10769503684533574,-0.883257344107029,112.22099999999998,107.77512499999999
2016-10-07,114.06,114.97523809523808,-0.24945706733389655,-0.6657810279041845,112.76750000000001,108.02979166666667
2016-10-10,116.05,115.21047619047619,-0.2571170978224579,1.0966409073462693,113.298,108.30012500000001
2016-10-11,116.3,115.46619047619048,0.05526963359374735,0.7785398902157733,113.71549999999999,108.57395833333334
2016-10-12,117.34,115.5852380952381,0.20562686624680637,1.5491350385151001,113.99399999999999,108.863625
2016-10-13,116.98,115.61047619047619,0.22766707372979952,1.141856735794013,114.0645,109.156125
2016-10-14,117.63,115.68380952380951,0.22553085264136413,1.7206596235491163,114.2,109.47229166666668
2016-10-17,117.55,115.70714285714284,0.08591608733524563,1.7569410555219103,114.39850000000001,109.809125
2016-10-18,117.47,115.65809523809521,-0.06626622558992629,1.878170987494711,114.59349999999999,110.15579166666666
2016-10-19,117.12,115.59095238095236,-0.09020956864143222,1.6192571876890776,114.77199999999998,110.39195833333333
2016-10-20,117.06,115.43761904761904,-0.42605232860256353,2.0484332809835286,114.894,110.60395833333334
2016-10-21,116.6,115.19714285714285,-0.20665990877749024,1.6095170516346342,115.0885,110.81045833333333
2016-10-24,117.65,115.02333333333333,-0.06108012257729335,2.6877467892439726,115.32700000000003,111.00379166666667
2016-10-25,118.25,114.78571428571429,0.04011978024097848,3.42416593404473,115.58500000000001,111.23329166666667
2016-10-26,115.59,114.52761904761905,0.32640102416711975,0.7359799282138286,115.66699999999999,111.39662500000001
2016-10-27,114.48,114.07285714285715,0.14047318690234775,0.2666696702405106,115.782,111.540125
2016-10-28,113.72,113.66571428571429,0.03792787750221821,0.016357836783493396,115.8155,111.644125
2016-10-31,113.54,113.09809523809524,0.1590896157211445,0.2828151461836215,115.8665,111.73029166666667
2016-11-01,111.49,112.60095238095238,0.26258229271557737,-1.373534673667961,115.79099999999998,111.77495833333333
2016-11-02,111.59,112.2447619047619,0.007452547941301917,-0.6622144527031999,115.718,111.83479166666666
2016-11-03,109.83,111.90333333333331,-0.30951948254725536,-1.763813850786054,115.51500000000001,111.86645833333334
2016-11-04,108.84,111.56999999999998,-0.10769503684533574,-2.62230496315464,115.25399999999999,111.87745833333334
2016-11-07,110.41,111.33809523809522,-0.24945706733389655,-0.6786381707613278,114.97200000000001,111.89295833333334
2016-11-08,111.06,111.05952380952381,-0.2571170978224579,0.25759328829864997,114.71,111.92095833333335
2016-11-09,110.88,110.7252380952381,0.05526963359374735,0.09949227116815065,114.38700000000001,111.94862499999999
2016-11-10,107.79,110.53095238095237,0.20562686624680637,-2.946579247199171,113.92750000000001,111.927125
2016-11-11,108.43,110.40285714285714,0.22766707372979952,-2.2005242165869365,113.4675,111.911625
2016-11-14,105.71,110.30047619047619,0.22553085264136413,-4.816007043117559,112.87549999999999,111.86495833333333
2016-11-15,107.11,110.20142857142856,0.08591608733524563,-3.1773446587638112,112.3575,111.83595833333334
2016-11-16,109.99,110.15523809523809,-0.06626622558992629,-0.0989718696481689,112.00100000000002,111.86862500000001
2016-11-17,109.95,110.0552380952381,-0.09020956864143222,-0.015028526596660693,111.6455,111.90829166666667
2016-11-18,110.06,110.05857142857143,-0.42605232860256353,0.42748090003113975,111.3185,111.96029166666668
2016-11-21,111.73,110.07142857142857,-0.20665990877749024,1.8652313373489249,111.0225,112.042125
2016-11-22,111.8,110.0495238095238,-0.06108012257729335,1.8115563130534855,110.7,112.13879166666668
2016-11-23,111.23,110.04809523809523,0.04011978024097848,1.1417849816637966,110.48200000000001,112.22429166666666
2016-11-24,111.51,110.10714285714285,0.32640102416711975,1.0764561186900383,110.3335,112.30395833333334
2016-11-25,111.79,110.40047619047617,0.14047318690234775,1.2490506226214892,110.237,112.371625
2016-11-28,111.57,110.63238095238093,0.03792787750221821,0.8996911701168475,110.1385,112.43599999999999
2016-11-29,111.46,111.0838095238095,0.1590896157211445,0.2171008604693428,110.13700000000001,112.49866666666667
2016-11-30,110.52,111.46857142857141,0.26258229271557737,-1.2111537212869898,110.0835,112.53466666666667
2016-12-01,109.49,111.74619047619045,0.007452547941301917,-2.263643024131756,110.06649999999999,112.60083333333334
2016-12-02,109.9,112.03285714285714,-0.30951948254725536,-1.8233376603098783,110.11949999999999,112.71366666666668
2016-12-05,109.11,112.34619047619046,-0.10769503684533574,-3.1284954393451225,110.0545,112.77483333333333
2016-12-06,109.95,112.5947619047619,-0.24945706733389655,-2.395304837427996,109.999,112.80816666666666
2016-12-07,111.03,112.84523809523809,-0.2571170978224579,-1.5581209974156287,110.0065,112.79583333333333
2016-12-08,112.12,113.08619047619047,0.05526963359374735,-1.0214601097842095,110.223,112.73833333333332
2016-12-09,113.95,113.3247619047619,0.20562686624680637,0.41961122899129677,110.499,112.72216666666667
2016-12-12,113.3,113.57642857142856,0.22766707372979952,-0.5040956451583672,110.8785,112.71749999999999
2016-12-13,115.19,113.84738095238095,0.22553085264136413,1.1170881949776885,111.2825,112.7445
2016-12-14,115.19,114.09976190476192,0.08591608733524563,1.0043220079028325,111.54249999999999,112.77183333333332
2016-12-15,115.82,114.3954761904762,-0.06626622558992629,1.490790035113717,111.83599999999998,112.79183333333334
2016-12-16,115.97,114.69690476190475,-0.09020956864143222,1.3633048067366837,112.1315,112.84616666666666
2016-12-19,116.64,114.99059523809522,-0.42605232860256353,2.07545709050734,112.377,112.90883333333333
2016-12-20,116.95,115.32583333333334,-0.20665990877749024,1.8308265754441577,112.63449999999997,112.97316666666666
2016-12-21,117.06,115.61488095238094,-0.06108012257729335,1.5061991701963524,112.926,113.025
2016-12-22,116.29,115.88059523809524,0.04011978024097848,0.36928498166378865,113.165,113.0935
2016-12-23,116.52,116.15630952380954,0.32640102416711975,0.03728945202333628,113.40150000000001,113.15133333333333
2016-12-26,117.075,116.39630952380953,0.14047318690234775,0.5382172892881202,113.67675,113.22725
2016-12-27,117.26,116.67297619047619,0.03792787750221821,0.5490959320215953,113.96675,113.29825
2016-12-28,116.76,116.89011904761905,0.1590896157211445,-0.2892086633401915,114.27874999999999,113.36008333333332
2016-12-29,116.73,117.08345238095238,0.26258229271557737,-0.6160346736679536,114.64075,113.40741666666668
2016-12-30,115.82,117.2367857142857,0.007452547941301917,-1.4242382622270107,114.93675,113.43675
2017-01-02,116.06750000000001,117.41726190476189,-0.30951948254725536,-1.0402424222146216,115.284625,113.43704166666666
2017-01-03,116.15,117.5772619047619,-0.10769503684533574,-1.319566867916556,115.594625,113.43454166666668
2017-01-04,116.02,117.7220238095238,-0.24945706733389655,-1.452566742189912,115.84412499999999,113.41254166666667
2017-01-05,116.61,117.85154761904761,-0.2571170978224579,-0.9844305212251505,116.068625,113.406375
2017-01-06,117.91,118.02821428571427,0.05526963359374735,-0.17348391930802096,116.266625,113.41104166666666
2017-01-09,118.99,118.1977380952381,0.20562686624680637,0.5866350385150945,116.551125,113.43504166666666
2017-01-10,119.11,118.33559523809525,0.22766707372979952,0.5467376881749483,116.74712500000001,113.46237500000001
2017-01-11,119.75,118.55559523809524,0.22553085264136413,0.9688739092633996,116.975125,113.50620833333333
2017-01-12,119.25,118.8022619047619,0.08591608733524563,0.3618220079028484,117.14662500000001,113.54270833333334
2017-01-13,119.04,119.05083333333334,-0.06626622558992629,0.055432892256588595,117.30012500000001,113.583375
2017-01-16,119.76,119.3275,-0.09020956864143222,0.5227095686414368,117.456125,113.61854166666667
2017-01-17,120.0,119.57904761904761,-0.42605232860256353,0.8470047095549493,117.60862499999999,113.64770833333334
2017-01-18,119.99,120.17904761904762,-0.20665990877749024,0.01761228972986245,117.75512499999999,113.72104166666666
2017-01-19,119.78,120.77476190476192,-0.06108012257729335,-0.9336817821846223,117.92962499999999,113.809375
2017-01-20,120.0,121.36857142857143,0.04011978024097848,-1.4086912088124068,118.103625,113.91404166666666
2017-01-23,120.08,121.95809523809524,0.32640102416711975,-2.204496262262361,118.253875,114.02304166666666
2017-01-24,119.97,122.55523809523808,0.14047318690234775,-2.7257112821404306,118.389375,114.164375
2017-01-25,121.88,123.17095238095237,0.03792787750221821,-1.3288802584545945,118.64537500000002,114.335875
2017-01-26,121.94,123.77428571428571,0.1590896157211445,-1.9933753300068573,118.90587500000001,114.53770833333333
2017-01-27,121.95,124.38714285714285,0.26258229271557737,-2.6997251498584225,119.212375,114.75620833333332
2017-01-30,121.63,125.06571428571426,0.007452547941301917,-3.443166833655571,119.4905,114.94320833333333
2017-01-31,121.35,125.79238095238094,-0.30951948254725536,-4.1328614698336885,119.75050000000002,115.11470833333333
2017-02-01,128.75,126.53095238095237,-0.10769503684533574,2.3267426558929647,120.38700000000001,115.41254166666667
2017-02-02,128.53,127.26214285714283,-0.24945706733389655,1.5173142101910637,120.98299999999999,115.75820833333333
2017-02-03,129.08,128.02119047619044,-0.2571170978224579,1.3159266216320298,121.54150000000001,116.102375
2017-02-06,130.29,128.80476190476188,0.05526963359374735,1.4299684616443695,122.10650000000001,116.51204166666666
2017-02-07,131.53,129.59619047619046,0.20562686624680637,1.728182657562737,122.72749999999999,116.91904166666667
2017-02-08,132.04,130.41238095238094,0.22766707372979952,1.3999519738892499,123.34199999999998,117.28654166666666
2017-02-09,132.42,131.10999999999999,0.22553085264136413,1.084469147358638,124.00049999999999,117.66104166666668
2017-02-10,132.12,131.8109523809524,0.08591608733524563,0.2231315317123725,124.65449999999998,118.02870833333333
2017-02-13,133.29,132.52428571428572,-0.06626622558992629,0.8319805113041936,125.33099999999999,118.38804166666667
2017-02-14,135.02,133.25571428571428,-0.09020956864143222,1.854495282927166,126.08200000000002,118.77504166666667
2017-02-15,135.51,134.1338095238095,-0.42605232860256353,1.8022428047930508,126.85799999999999,119.17970833333334
2017-02-16,135.345,134.61999999999998,-0.20665990877749024,0.931659908777513,127.63624999999999,119.57695833333334
2017-02-17,135.72,135.15571428571428,-0.06108012257729335,0.6253658368630101,128.42225000000002,119.97579166666667
2017-02-20,136.45499999999998,135.6442857142857,0.04011978024097848,0.7705945054733048,129.241,120.39054166666668
2017-02-21,136.7,136.08380952380952,0.32640102416711975,0.2897894520233482,130.0775,120.81120833333334
2017-02-22,137.11,136.4395238095238,0.14047318690234775,0.5300030035738744,130.839,121.254375
2017-02-23,136.53,136.75571428571428,0.03792787750221821,-0.26364216321649353,131.5685,121.70504166666666
2017-02-24,136.66,137.07571428571427,0.1590896157211445,-0.5748039014354176,132.304,122.15104166666667
2017-02-27,136.93,137.41285714285715,0.26258229271557737,-0.7454394355727196,133.069,122.61470833333333
2017-02-28,136.99,137.6842857142857,0.007452547941301917,-0.7017382622269857,133.851,123.06537499999999
2017-03-01,139.79,137.94333333333333,-0.30951948254725536,2.1561861492139194,134.403,123.54470833333333
2017-03-02,138.96,138.19,-0.10769503684533574,0.877695036845346,134.92450000000002,123.99204166666667
2017-03-03,139.78,138.41119047619048,-0.24945706733389655,1.6182665911434138,135.4595,124.42254166666666
2017-03-06,139.34,138.6845238095238,-0.2571170978224579,0.9125932882986654,135.91199999999998,124.85654166666667
2017-03-07,139.52,138.84571428571428,0.05526963359374735,0.619016080691983,136.3115,125.26204166666666
2017-03-08,139.0,139.07047619047617,0.20562686624680637,-0.2761030567229774,136.6595,125.65887500000001
2017-03-09,138.68,139.25190476190474,0.22766707372979952,-0.7995718356345326,136.97250000000003,126.039875
2017-03-10,139.14,139.44761904761904,0.22553085264136413,-0.5331499002604203,137.32350000000002,126.42604166666666
2017-03-13,139.2,139.6485714285714,0.08591608733524563,-0.5344875159066438,137.619,126.80204166666667
2017-03-14,138.99,139.97571428571428,-0.06626622558992629,-0.91944806012434,137.8175,127.169375
2017-03-15,140.46,140.31523809523807,-0.09020956864143222,0.23497147340336771,138.065,127.559375
2017-03-16,140.69,140.51238095238094,-0.42605232860256353,0.6036713762216241,138.33225000000002,127.96604166666665
2017-03-17,139.99,140.73619047619047,-0.20665990877749024,-0.5395305674129731,138.54575,128.35720833333335
2017-03-20,141.46,140.92285714285714,-0.06108012257729335,0.5982229797201614,138.796,128.763625
2017-03-21,139.84,141.18142857142854,0.04011978024097848,-1.3815483516695155,138.95300000000003,129.13995833333334
2017-03-22,141.42,141.39571428571426,0.32640102416711975,-0.30211530988139507,139.1685,129.55095833333334
2017-03-23,140.92,141.61761904761903,0.14047318690234775,-0.8380922345213903,139.38799999999998,129.954125
2017-03-24,140.64,141.83952380952383,0.03792787750221821,-1.2374516870260575,139.587,130.36779166666668
2017-03-27,140.88,142.03142857142856,0.1590896157211445,-1.3105181871497122,139.7845,130.78133333333332
2017-03-28,143.8,142.14714285714285,0.26258229271557737,1.3902748501415807,140.125,131.24216666666666
2017-03-29,144.12,142.28095238095236,0.007452547941301917,1.8315950711063458,140.3415,131.7105
2017-03-30,143.93,142.30904761904762,-0.30951948254725536,1.930471863499644,140.59,132.16583333333332
2017-03-31,143.66,142.3354761904762,-0.10769503684533574,1.4322188463691465,140.78400000000002,132.595
2017-04-03,143.7,142.42309523809521,-0.24945706733389655,1.5263618292386705,141.002,133.00683333333333
2017-04-04,144.77,142.4107142857143,-0.2571170978224579,2.616402812108162,141.2645,133.43449999999999
2017-04-05,144.02,142.4507142857143,0.05526963359374735,1.514016080691965,141.5155,133.839
2017-04-06,143.66,142.49928571428575,0.20562686624680637,0.9550874194674428,141.7645,134.24583333333334
2017-04-07,143.34,142.56357142857144,0.22766707372979952,0.5487614976987681,141.97449999999998,134.65083333333334
2017-04-10,143.17,142.70642857142857,0.22553085264136413,0.23804057593004885,142.173,135.041
2017-04-11,141.63,142.88023809523807,0.08591608733524563,-1.3361541825733203,142.305,135.4015
2017-04-12,141.8,142.8745238095238,-0.06626622558992629,-1.0082575839338561,142.37199999999999,135.765
2017-04-13,141.05,142.85880952380953,-0.09020956864143222,-1.7185999551680828,142.39000000000001,136.1195
2017-04-14,141.245,142.8454761904762,-0.42605232860256353,-1.1744238618736371,142.45274999999998,136.47358333333332
2017-04-17,141.83,142.98452380952378,-0.20665990877749024,-0.9478639007462761,142.47125,136.83608333333333
2017-04-18,141.2,143.16595238095238,-0.06108012257729335,-1.904872258375094,142.53924999999998,137.18991666666668
2017-04-19,140.68,143.275,0.04011978024097848,-2.635119780240977,142.50225,137.50325
2017-04-20,142.44,143.39452380952383,0.32640102416711975,-1.2809248336909544,142.57825,137.84491666666665
2017-04-21,142.27,143.64690476190478,0.14047318690234775,-1.517377948807116,142.65975,138.18358333333336
2017-04-24,143.64,144.10738095238096,0.03792787750221821,-0.5053088298831963,142.79775,138.55041666666665
2017-04-25,144.53,144.62261904761903,0.1590896157211445,-0.2517086633401688,142.83425,138.93675
2017-04-26,143.68,145.17642857142857,0.26258229271557737,-1.759010864144144,142.81225,139.18558333333334
2017-04-27,143.79,145.755,0.007452547941301917,-1.9724525479413053,142.80524999999997,139.43991666666665
2017-04-28,143.65,146.47166666666664,-0.30951948254725536,-2.5121471841193745,142.80474999999998,139.68275
2017-05-01,146.58,147.16,-0.10769503684533574,-0.4723049631546483,142.94875000000002,139.95425000000003
2017-05-02,147.51,147.8095238095238,-0.24945706733389655,-0.05006674218990853,143.08575000000002,140.22058333333334
2017-05-03,147.06,148.2404761904762,-0.2571170978224579,-0.9233590926537267,143.23775,140.47091666666668
2017-05-04,146.53,148.80523809523808,0.05526963359374735,-2.3305077288318277,143.38125,140.70608333333334
2017-05-05,148.96,149.3109523809524,0.20562686624680637,-0.5565792471991848,143.66225000000003,140.98675
2017-05-08,153.01,149.8690476190476,0.22766707372979952,2.9132853072225995,144.15425,141.3154166666667
2017-05-09,153.99,150.35285714285712,0.22553085264136413,3.4116120045015266,144.77225,141.63158333333334
2017-05-10,153.26,150.77238095238093,0.08591608733524563,2.401702960283817,145.34525000000002,141.9274166666667
2017-05-11,153.95,151.25761904761904,-0.06626622558992629,2.7586471779708703,145.99025,142.2375
2017-05-12,156.1,151.72523809523807,-0.09020956864143222,4.464971473403358,146.733,142.57716666666664
2017-05-15,155.7,152.20166666666665,-0.42605232860256353,3.9243856619358986,147.42649999999998,142.89791666666667
2017-05-16,155.47,152.5392857142857,-0.20665990877749024,3.137374194491778,148.14000000000001,143.21075000000002
2017-05-17,150.25,152.7892857142857,-0.06108012257729335,-2.478205591708418,148.61849999999998,143.42974999999998
2017-05-18,152.54,153.08071428571427,0.04011978024097848,-0.5808340659552516,149.1235,143.69658333333334
2017-05-19,153.06,153.50547619047617,0.32640102416711975,-0.7718772146432908,149.663,143.96991666666665
2017-05-22,153.99,153.74214285714285,0.14047318690234775,0.10738395595480923,150.1805,144.25424999999998
2017-05-23,153.8,153.8107142857143,0.03792787750221821,-0.04864216321651854,150.644,144.53441666666666
2017-05-24,153.34,153.87642857142856,0.1590896157211445,-0.6955181871497031,151.127,144.76024999999998
2017-05-25,153.87,153.95880952380952,0.26258229271557737,-0.3513918165250935,151.63100000000003,145.00875
2017-05-26,153.61,153.72214285714284,0.007452547941301917,-0.11959540508413015,152.129,145.23925000000003
2017-05-29,153.655,153.21357142857144,-0.30951948254725536,0.7509480539758151,152.48275,145.47783333333334
2017-05-30,153.67,152.77976190476193,-0.10769503684533574,0.9979331320833968,152.79075,145.71366666666665
2017-05-31,152.76,152.2888095238095,-0.24945706733389655,0.7206475435243826,153.07575,145.943
2017-06-01,153.18,152.005,-0.2571170978224579,1.4321170978224693,153.40825,146.18466666666666
2017-06-02,155.45,151.51595238095237,0.05526963359374735,3.878777985453871,153.73274999999998,146.45650000000003
2017-06-05,153.93,151.1959523809524,0.20562686624680637,2.5284207528007947,153.77875,146.70199999999997
2017-06-06,154.45,150.76833333333335,0.22766707372979952,3.453999592936844,153.80175,146.95966666666666
2017-06-07,155.37,150.3907142857143,0.22553085264136413,4.753754861644345,153.90725,147.2081666666667
2017-06-08,154.99,150.02357142857144,0.08591608733524563,4.88051248409332,153.95925,147.44650000000001
2017-06-09,148.98,149.66214285714284,-0.06626622558992629,-0.6158766315529236,153.60325,147.59633333333335
2017-06-12,145.42,149.29119047619045,-0.09020956864143222,-3.780980907549031,153.08925,147.66233333333332
2017-06-13,146.59,148.81857142857143,-0.42605232860256353,-1.8025190999688643,152.64524999999998,147.77483333333333
2017-06-14,145.16,148.4452380952381,-0.20665990877749024,-3.0785781864606094,152.39074999999997,147.83716666666666
2017-06-15,144.29,148.01285714285714,-0.06108012257729335,-3.661777020279858,151.97824999999997,147.89333333333332
2017-06-16,142.27,147.57666666666668,0.04011978024097848,-5.34678644690765,151.43874999999997,147.9205
2017-06-19,146.34,147.00761904761907,0.32640102416711975,-0.9940200717861896,151.05625,148.0115
2017-06-20,145.01,146.52499999999998,0.14047318690234775,-1.655473186902334,150.61675,148.03166666666667
2017-06-21,145.87,146.03166666666667,0.03792787750221821,-0.19959454416887995,150.24325,148.06083333333333
2017-06-22,145.63,145.42976190476188,0.1590896157211445,0.0411484795169757,149.83125,148.08916666666667
2017-06-23,146.28,144.915,0.26258229271557737,1.1024177072844317,149.46475,148.13283333333337
2017-06-26,145.82,144.72833333333332,0.007452547941301917,1.0842141187253667,149.073,148.16816666666668
2017-06-27,143.73,144.73357142857142,-0.30951948254725536,-0.6940519460241781,148.576,148.1508333333333
2017-06-28,145.83,144.69309523809522,-0.10769503684533574,1.2445997987501234,148.2295,148.181
2017-06-29,143.68,144.81738095238094,-0.24945706733389655,-0.8879238850470406,147.75449999999998,148.18133333333336
2017-06-30,144.02,145.04357142857143,-0.2571170978224579,-0.7664543307489573,147.183,148.1926666666667
2017-07-03,143.5,145.3907142857143,0.05526963359374735,-1.945983919308043,146.6615,148.19816666666668
2017-07-04,143.79500000000002,145.56880952380953,0.20562686624680637,-1.9794363900563248,146.12875,148.23425
2017-07-05,144.09,145.855,0.22766707372979952,-1.9926670737297858,145.56475,148.2724166666667
2017-07-06,142.73,146.06785714285712,0.22553085264136413,-3.563387995498496,144.95175,148.30041666666665
2017-07-07,144.18,146.2888095238095,0.08591608733524563,-2.1947256111447437,144.71175,148.34933333333336
2017-07-10,145.06,146.56547619047618,-0.06626622558992629,-1.439209964886247,144.69375,148.40316666666666
2017-07-11,145.53,146.895,-0.09020956864143222,-1.274790431358577,144.64075,148.47533333333334
2017-07-12,145.74,147.35833333333335,-0.42605232860256353,-1.192281004730776,144.66975000000002,148.55966666666666
2017-07-13,147.77,147.58357142857145,-0.20665990877749024,0.3930884802060545,144.84375000000003,148.64849999999998
2017-07-14,149.04,147.8607142857143,-0.06108012257729335,1.2403658368629908,145.18225,148.76133333333334
2017-07-17,149.56,148.08499999999998,0.04011978024097848,1.4348802197590442,145.34325,148.86
2017-07-18,150.08,148.80357142857142,0.32640102416711975,0.9500275472614763,145.59675,148.9525
2017-07-19,151.02,149.4390476190476,0.14047318690234775,1.440479194050049,145.85425,149.07483333333332
2017-07-20,150.34,149.98571428571427,0.03792787750221821,0.316357836783519,146.08975,149.18400000000003
2017-07-21,150.27,150.63619047619045,0.1590896157211445,-0.5252800919115841,146.28925,149.29433333333333
2017-07-24,152.09,151.3328571428571,0.26258229271557737,0.49456056442731794,146.60275,149.38616666666667
2017-07-25,152.74,152.04809523809524,0.007452547941301917,0.6844522139634641,147.05325,149.47333333333333
2017-07-26,153.46,152.78761904761907,-0.30951948254725536,0.981900434928189,147.43475,149.57999999999998
2017-07-27,150.56,153.24380952380952,-0.10769503684533574,-2.576114486964179,147.77875,149.6471666666667
2017-07-28,149.5,153.70619047619047,-0.24945706733389655,-3.9567334088565747,148.05275,149.65616666666665
2017-07-31,148.73,154.22095238095233,-0.2571170978224579,-5.233835283129879,148.31425000000002,149.58483333333334
2017-08-01,158.59,154.79428571428568,0.05526963359374735,3.740444652120578,149.05400000000003,149.66150000000002
2017-08-02,157.14,155.31190476190474,0.20562686624680637,1.6224683718484378,149.7065,149.72616666666667
2017-08-03,155.57,155.63761904761904,0.22766707372979952,-0.2952861213488466,150.3485,149.7531666666667
2017-08-04,156.39,155.97857142857143,0.22553085264136413,0.18589771878719447,150.959,149.75799999999998
2017-08-07,158.81,156.30904761904762,0.08591608733524563,2.4150362936171383,151.6465,149.80983333333333
2017-08-08,160.08,156.6752380952381,-0.06626622558992629,3.471028130351853,152.374,149.88666666666668
2017-08-09,161.06,157.01999999999998,-0.09020956864143222,4.130209568641453,153.14,150.06683333333334
2017-08-10,155.32,157.29666666666668,-0.42605232860256353,-1.5506143380641244,153.51749999999998,150.11316666666664
2017-08-11,157.48,157.73952380952383,-0.20665990877749024,-0.05286390074635122,153.9395,150.1868333333333
2017-08-14,159.85,158.30952380952382,-0.06108012257729335,1.6015563130534634,154.454,150.2845
2017-08-15,161.6,158.9847619047619,0.04011978024097848,2.5751183149971055,155.03,150.4145
2017-08-16,160.95,159.21142857142857,0.32640102416711975,1.4121704044042989,155.5265,150.54133333333337
2017-08-17,157.86,159.53809523809522,0.14047318690234775,-1.8185684249975578,155.90249999999997,150.60783333333333
2017-08-18,157.5,159.94190476190477,0.03792787750221821,-2.4798326394069843,156.26399999999998,150.67266666666666
2017-08-21,157.21,160.23630952380952,0.1590896157211445,-3.1853991395306607,156.52,150.73191666666668
2017-08-22,159.78,160.3920238095238,0.26258229271557737,-0.8746061022393825,156.872,150.83374999999998
2017-08-23,159.98,160.47916666666666,0.007452547941301917,-0.5066192146079693,157.198,150.95408333333336
2017-08-24,159.27,160.48869047619047,-0.30951948254725536,-0.9091709936432046,157.6335,151.05558333333332
2017-08-25,159.86,160.64630952380952,-0.10769503684533574,-0.6786144869641713,158.1515,151.1290833333333
2017-08-28,161.47,160.8377380952381,-0.24945706733389655,0.8817189720957865,158.7885,151.25475
2017-08-29,162.91,160.88583333333335,-0.2571170978224579,2.2812837644891024,159.00449999999998,151.39575000000002
2017-08-30,163.35,160.79297619047617,0.05526963359374735,2.5017541759300794,159.315,151.52874999999997
2017-08-31,164.0,160.66583333333332,0.20562686624680637,3.128539800419869,159.73649999999998,151.67891666666665
2017-09-01,164.05,160.7620238095238,0.22766707372979952,3.060309116746401,160.1195,151.93008333333333
2017-09-04,162.57250000000002,160.8177380952381,0.22553085264136413,1.5292310521205565,160.307625,152.21595833333333
2017-09-05,162.08,160.89011904761907,0.08591608733524563,1.1039648650457006,160.407625,152.47412500000002
2017-09-06,161.91,160.71345238095242,-0.06626622558992629,1.2628138446375046,160.450125,152.75329166666668
2017-09-07,161.26,160.3996428571429,-0.09020956864143222,0.9505667114985153,160.747125,153.03612500000003
2017-09-08,158.63,160.04821428571432,-0.42605232860256353,-0.9921619571117641,160.804625,153.30879166666668
2017-09-11,161.5,159.604880952381,-0.20665990877749024,2.1017789563964953,160.887125,153.56145833333332
2017-09-12,160.86,159.2082142857143,-0.06108012257729335,1.7128658368630159,160.850125,153.825625
2017-09-13,159.65,158.79488095238096,0.04011978024097848,0.8149992673780628,160.785125,154.05529166666668
2017-09-14,158.28,158.31535714285715,0.32640102416711975,-0.36175816702427105,160.806125,154.26612500000002
2017-09-15,159.88,157.84488095238095,0.14047318690234775,1.8946458607167005,160.925125,154.49279166666665
2017-09-18,158.67,157.35726190476188,0.03792787750221821,1.2748102177358849,160.99812500000002,154.70695833333332
2017-09-19,158.73,156.97190476190477,0.1590896157211445,1.599005622374078,160.945625,154.95695833333332
2017-09-20,156.07,156.56238095238095,0.26258229271557737,-0.7549632450965327,160.750125,155.127625
2017-09-21,153.39,156.25190476190477,0.007452547941301917,-2.869357309846084,160.456125,155.28945833333333
2017-09-22,151.89,155.9680952380952,-0.30951948254725536,-3.7685757555479604,160.05762499999997,155.420625
2017-09-25,150.55,155.83523809523805,-0.10769503684533574,-5.177543058392708,159.511625,155.53812499999998
2017-09-26,153.14,155.5685714285714,-0.24945706733389655,-2.1791143612375197,159.023125,155.693875
2017-09-27,154.23,155.36333333333332,-0.2571170978224579,-0.8762162355108678,158.567125,155.86287499999997
2017-09-28,153.28,155.1895238095238,0.05526963359374735,-1.9647934431175376,158.03112500000003,156.03870833333335
2017-09-29,154.12,155.1280952380952,0.20562686624680637,-1.2137221043420006,157.534625,156.20437499999997
2017-10-02,153.81,155.1280952380952,0.22766707372979952,-1.545762311824996,157.0965,156.3502083333333
2017-10-03,154.48,155.21380952380952,0.22553085264136413,-0.9593403764508905,156.7165,156.499375
2017-10-04,153.48,155.26285714285714,0.08591608733524563,-1.8687732301923992,156.29500000000002,156.62837499999998
2017-10-05,155.39,155.25857142857143,-0.06626622558992629,0.19769479701848375,156.0015,156.75537500000002
2017-10-06,155.3,155.3947619047619,-0.09020956864143222,-0.004552336120463504,155.835,156.85970833333334
2017-10-09,155.84,155.59857142857143,-0.42605232860256353,0.6674809000311346,155.552,156.96437500000002
2017-10-10,155.9,155.9104761904762,-0.20665990877749024,0.19618371830129305,155.304,157.06137500000003
2017-10-11,156.55,156.06619047619046,-0.06108012257729335,0.5448896463868481,155.149,157.15354166666665
2017-10-12,156.0,156.21761904761902,0.04011978024097848,-0.2577388278600028,155.035,157.247875
2017-10-13,156.99,156.68285714285713,0.32640102416711975,-0.01925816702424149,154.8905,157.359875
2017-10-16,159.88,157.28285714285713,0.14047318690234775,2.4566696702405224,154.951,157.48970833333334
2017-10-17,160.47,158.0080952380952,0.03792787750221821,2.4239768844025864,155.03799999999998,157.61854166666666
2017-10-18,159.76,158.5990476190476,0.1590896157211445,1.0018627652312362,155.2225,157.72354166666668
2017-10-19,155.98,159.2957142857143,0.26258229271557737,-3.5782965784298844,155.352,157.813875
2017-10-20,156.25,160.1104761904762,0.007452547941301917,-3.8679287384174934,155.57,157.926375
2017-10-23,156.17,161.01285714285714,-0.30951948254725536,-4.5333376603099005,155.851,158.05037499999997
2017-10-24,157.1,161.91619047619045,-0.10769503684533574,-4.708495439345121,156.049,158.02554166666667
2017-10-25,156.41,162.8847619047619,-0.24945706733389655,-6.225304837427995,156.158,158.013375
2017-10-26,157.41,163.80523809523808,-0.2571170978224579,-6.138120997415627,156.3645,158.04404166666666
2017-10-27,163.05,164.6942857142857,0.05526963359374735,-1.699555347879448,156.81099999999998,158.1550416666667
2017-10-30,166.72,165.50285714285715,0.20562686624680637,1.01151599089604,157.4565,158.28687499999998
2017-10-31,169.04,166.04857142857142,0.22766707372979952,2.7637614976987717,158.1845,158.43620833333333
2017-11-01,166.89,166.45857142857142,0.22553085264136413,0.2058977187872047,158.855,158.533375
2017-11-02,168.11,166.99857142857144,0.08591608733524563,1.02551248409333,159.491,158.74654166666667
2017-11-03,172.5,167.67333333333332,-0.06626622558992629,4.892932892256608,160.351,158.996875
2017-11-06,174.25,168.32714285714286,-0.09020956864143222,6.013066711498572,161.2715,159.236875
2017-11-07,174.81,169.1352380952381,-0.42605232860256353,6.1008142333644715,162.217,159.45704166666667
2017-11-08,176.24,169.9857142857143,-0.20665990877749024,6.460945623063204,163.20149999999998,159.711875
2017-11-09,175.88,170.8692857142857,-0.06108012257729335,5.071794408291594,164.19549999999998,160.01220833333335
2017-11-10,174.67,171.7054761904762,0.04011978024097848,2.924404029282819,165.0795,160.298375
2017-11-13,173.97,172.23119047619045,0.32640102416711975,1.4124084996424304,165.784,160.57770833333333
2017-11-14,171.34,172.53357142857143,0.14047318690234775,-1.3340446154737788,166.32750000000001,160.770375
2017-11-15,169.08,172.5545238095238,0.03792787750221821,-3.5124516870260063,166.7935,160.92204166666667
2017-11-16,171.1,172.7907142857143,0.1590896157211445,-1.8498039014354517,167.5495,161.11920833333335
2017-11-17,170.15,172.9307142857143,0.26258229271557737,-3.0432965784298593,168.2445,161.29070833333336
2017-11-20,169.98,172.80214285714288,0.007452547941301917,-2.829595405084195,168.935,161.43254166666668
2017-11-21,173.14,172.58261904761906,-0.30951948254725536,0.8669004349281799,169.737,161.60304166666666
2017-11-22,174.96,172.30642857142857,-0.10769503684533574,2.761266465416775,170.6645,161.79654166666668
2017-11-23,174.965,171.97690476190476,-0.24945706733389655,3.2375523054291375,171.54225000000002,161.97929166666665
2017-11-24,174.97,171.6669047619048,-0.2571170978224579,3.560212335917668,172.13825,162.16129166666667
2017-11-27,174.09,171.57166666666666,0.05526963359374735,2.463063699739598,172.50674999999998,162.35325
2017-11-28,173.07,171.46357142857144,0.20562686624680637,1.4008017051817454,172.70825,162.53641666666667
2017-11-29,169.48,171.50785714285715,0.22766707372979952,-2.2555242165869576,172.83775,162.66258333333332
2017-11-30,171.85,171.65738095238095,0.22553085264136413,-0.03291180502231711,173.02474999999998,162.83908333333332
2017-12-01,171.05,171.7940476190476,0.08591608733524563,-0.8299637063828376,172.95225,163.0460833333333
2017-12-04,169.8,172.09261904761905,-0.06626622558992629,-2.226352822029115,172.72975,163.18441666666666
2017-12-05,169.64,172.3097619047619,-0.09020956864143222,-2.5795523361204804,172.47125,163.33075
2017-12-06,169.01,172.36738095238096,-0.42605232860256353,-2.9313286237784006,172.10975000000002,163.48675
2017-12-07,169.32,172.3697619047619,-0.20665990877749024,-2.843101995984418,171.78175,163.67074999999997
2017-12-08,169.37,172.37190476190474,-0.06108012257729335,-2.9408246393274466,171.51675,163.8289166666667
2017-12-11,172.67,172.21523809523808,0.04011978024097848,0.41464212452093085,171.45175,164.06225
2017-12-12,171.7,172.047619047619,0.32640102416711975,-0.6740200717861395,171.46975,164.27841666666666
2017-12-13,172.27,171.92999999999995,0.14047318690234775,0.1995268130977125,171.62925,164.54841666666667
2017-12-14,172.22,172.00619047619045,0.03792787750221821,0.17588164630732633,171.68525,164.86225
2017-12-15,173.97,171.88142857142856,0.1590896157211445,1.9294818128502969,171.87625,165.23025
2017-12-18,176.42,171.87370068027212,0.26258229271557737,4.283717027012288,172.19825,165.6614166666667
2017-12-19,174.54,171.85221768707487,0.007452547941301917,2.6803297649838207,172.26825000000002,166.01808333333332
2017-12-20,174.35,171.83073469387756,-0.30951948254725536,2.82878478866969,172.23775,166.35341666666667
2017-12-21,175.01,171.8092517006803,-0.10769503684533574,3.3084433361650203,172.23999999999998,166.7155833333333
2017-12-22,175.01,171.787768707483,-0.24945706733389655,3.471688359850891,172.24200000000002,167.06375
2017-12-25,171.68,171.76628571428574,-0.2571170978224579,0.1708313835367214,172.1215,167.36158333333336
2017-12-26,170.57,171.74480272108843,0.05526963359374735,-1.2300723546821875,171.9965,167.62975
2017-12-27,170.6,171.72331972789115,0.20562686624680637,-1.328946594137964,172.05249999999998,167.91508333333334
2017-12-28,171.08,171.70183673469387,0.22766707372979952,-0.8495038084236574,172.01399999999998,168.17658333333335
2017-12-29,169.23,171.6803537414966,0.22553085264136413,-2.675884594137963,171.923,168.40875
